alcohol_by_weight,bitterness,nitrogen,turbidity,sugars,degree_of_fermentation,calorific_value,density,pH,colour,sulphites,rating
4.476190476,10.4,0.5,1.6268,15.75,66.47,41,0.9678,3.72,11.825,44.375,60
4.523809524,10.3,0.53,1.6268,15.12,67.252,26,0.9676,3.73,13.76,36.25,61
4.714285714,11.5,0.74,0.7968,17.64,82.11,32,0.9698,3.74,14.405,16.5625,61
5.2380952380000005,8.4,0.465,1.6268,15.75,68.816,42,0.9666,3.86,16.77,33.125,60
4.476190476,11.0,0.73,0.7968,15.12,60.214,9,0.9674,3.59,12.255,10.3125,60
4.904761905,13.0,0.48,1.6268,17.01,76.63600000000002,15,0.9704,3.66,13.115,13.125,59
4.904761905,13.0,0.48,1.6268,17.01,76.63600000000002,15,0.9704,3.66,13.115,13.125,61
4.476190476,11.0,0.73,0.7968,15.12,60.214,9,0.9674,3.59,12.255,10.3125,60
5.333333333,12.3,0.6,2.4568,32.445,78.2,8,0.9696,3.72,13.33,5.3125,59
4.571428571,10.3,0.69,0.7968,20.79,78.982,23,0.9688,3.76,14.405,14.6875,58
4.714285714,10.4,0.815,0.7968,13.23,54.74,8,0.9666,3.62,12.685,6.25,64
4.333333333,10.2,0.57,1.6268,16.38,73.508,41,0.9682,3.58,12.685,33.125,59
5.476190476,6.1,1.14,0.7968,10.08,39.1,35,0.9634,4.24,13.33,30.0,59
5.285714286,16.6,0.745,1.6268,26.46,74.29,13,0.97315,3.42,15.91,7.1875,58
5.285714286,16.6,0.745,1.6268,26.46,74.29,13,0.97315,3.42,15.91,7.1875,59
5.285714286,16.7,0.745,1.6268,26.46,74.29,13,0.97315,3.42,15.91,7.1875,60
5.428571429,13.8,0.7,1.6268,17.64,58.65,8,0.9694,3.64,12.255,5.9375,61
4.380952381,10.1,0.54,1.6268,15.12,60.996,29,0.9678,3.73,12.47,37.8125,58
4.380952381,10.1,0.64,1.6268,18.27,73.508,44,0.9682,3.58,13.115,34.375,58
5.428571429,13.8,0.7,1.6268,17.64,58.65,8,0.9694,3.64,12.255,5.9375,60
4.952380952,11.3,0.34,1.6268,15.12,58.65,13,0.9678,3.64,13.115,8.75,60
4.523809524,9.9,0.54,1.6268,17.64,64.906,21,0.9682,3.8,12.9,34.6875,63
4.666666667,9.9,0.57,1.6268,18.27,66.47,20,0.9682,3.79,12.9,34.375,62
4.571428571,13.4,0.6,1.6268,13.86,69.598,8,0.9702,3.69,9.46,4.375,61
4.571428571,13.4,0.6,1.6268,13.86,69.598,8,0.9702,3.69,9.46,4.375,59
4.380952381,12.8,0.59,1.6268,13.86,64.906,8,0.97,3.69,9.245,4.6875,63
4.428571429,8.4,0.83,0.7968,11.97,84.456,21,0.9667,3.76,12.685,31.875,64
4.619047619,10.1,0.55,1.6268,16.38,65.688,24,0.9687,3.85,12.255,23.4375,60
4.619047619,10.1,0.55,1.6268,16.38,65.688,24,0.9687,3.85,12.255,23.4375,61
4.285714286,11.0,0.59,1.9256,22.05,73.508,12,0.9704,3.79,12.47,13.4375,63
4.523809524,9.0,0.82,0.5644,16.38,75.072,23,0.9678,3.9,11.395,11.875,61
4.428571429,10.0,0.695,1.3612,49.77,67.252,33,0.9698,3.77,12.255,34.0625,58
4.428571429,8.8,0.935,0.0,16.38,63.342,9,0.9675,3.8,11.18,4.375,63
4.380952381,9.9,0.34,1.7928,15.75,64.906,28,0.9683,3.89,11.61,17.8125,59
4.476190476,14.3,0.48,1.826,17.01,63.342,8,0.9706,3.48,11.61,5.0,59
4.666666667,9.3,0.49,1.2616,9.45,45.356,13,0.9662,3.76,15.91,9.0625,59
4.619047619,10.7,0.7,1.66,14.49,61.778,31,0.9697,4.0,12.255,22.1875,63
4.619047619,10.7,0.7,1.66,14.49,61.778,31,0.9697,4.0,12.255,22.1875,58
4.857142857,12.5,0.56,1.66,17.01,95.404,7,0.9706,3.63,15.05,5.3125,62
4.428571429,12.4,0.47,1.3612,14.49,68.816,9,0.9688,3.59,17.2,5.0,64
4.476190476,9.4,0.64,0.7968,21.42,59.432,19,0.9676,3.77,13.115,35.0,61
4.476190476,9.3,0.66,0.7636,21.42,60.996,17,0.9676,3.78,13.33,32.5,61
4.523809524,11.1,0.68,0.7304,11.97,62.56,12,0.9674,3.63,11.825,10.0,58
4.857142857,7.9,0.79,0.0,35.28,96.968,24,0.9697,3.96,15.48,18.125,60
4.857142857,7.9,0.79,0.0,35.28,96.968,24,0.9697,3.96,15.48,18.125,59
4.333333333,9.9,0.7,0.9628,13.86,76.63600000000002,8,0.9688,3.86,10.535,4.6875,59
4.333333333,9.9,0.7,0.9628,13.86,76.63600000000002,8,0.9688,3.86,10.535,4.6875,62
4.428571429,8.7,0.785,0.7636,14.49,86.802,23,0.9664,3.71,13.115,26.25,64
4.523809524,11.5,0.38,1.7928,17.01,82.11,8,0.9688,3.75,13.545,5.9375,62
4.523809524,9.0,0.45,0.6972,11.97,57.08600000000001,49,0.9664,3.77,12.47,31.875,64
4.619047619,9.8,0.94,0.0,8.82,50.83,27,0.9654,3.77,11.825,10.3125,58
4.476190476,10.7,0.98,0.9296,15.12,67.252,33,0.9679,3.74,11.395,45.9375,59
4.476190476,10.6,0.985,0.8964,14.49,65.688,34,0.9678,3.74,11.395,45.3125,64
4.476190476,11.0,0.64,1.494,14.49,55.522,19,0.9691,3.89,13.33,12.5,60
4.523809524,10.6,0.69,1.4608,14.49,55.522,24,0.9692,3.96,13.545,21.25,62
4.476190476,11.0,0.64,1.494,14.49,55.522,19,0.9691,3.89,13.33,12.5,63
4.523809524,10.6,0.69,1.4608,14.49,55.522,24,0.9692,3.96,13.545,21.25,64
4.476190476,11.0,0.64,1.494,14.49,55.522,19,0.9691,3.89,13.33,12.5,59
4.80952381,8.4,0.77,0.166,22.68,83.67399999999998,9,0.9672,3.9,13.545,6.25,63
4.571428571,11.8,0.53,1.2948,13.86,82.89200000000002,11,0.9686,3.39,10.75,10.0,62
5.333333333,10.9,0.98,0.83,15.75,81.328,38,0.971,3.91,14.405,48.4375,58
7.095238095,17.0,0.46,2.158,47.25,75.072,25,0.9676,3.48,18.06,22.1875,64
4.523809524,9.7,0.57,1.5604,15.12,57.868,10,0.9679,3.58,9.89,9.0625,63
4.476190476,10.8,0.65,0.5644,18.27,68.03399999999999,23,0.9704,3.64,13.115,16.5625,58
4.571428571,11.8,0.53,1.2948,13.86,82.89200000000002,11,0.9686,3.39,10.75,10.0,64
4.285714286,8.6,0.52,1.0292,10.08,62.56,18,0.9678,3.81,13.76,13.125,59
4.857142857,13.2,0.5,1.7264,12.6,71.944,18,0.97,3.53,14.19,16.875,60
4.619047619,10.5,0.69,0.4648,12.6,65.688,28,0.9681,3.64,12.04,15.0,58
5.2380952380000005,11.1,0.83,1.4276,14.49,46.13800000000001,18,0.9666,3.65,12.255,9.6875,61
4.761904762,8.0,0.5,0.7968,15.75,64.906,33,0.9659,3.76,12.47,14.0625,59
4.523809524,9.3,0.83,0.6972,10.71,57.868,8,0.9668,3.7,11.18,4.0625,60
4.523809524,10.9,1.34,1.1288,12.6,61.778,35,0.968,3.65,11.395,47.1875,58
4.523809524,9.3,0.83,0.6972,10.71,57.868,8,0.9668,3.7,11.18,4.0625,58
4.857142857,10.4,0.51,1.2948,13.86,50.048,15,0.9684,3.76,13.975,9.6875,58
4.714285714,9.7,0.9,0.3652,14.49,65.688,15,0.9679,3.9,10.32,9.6875,61
4.761904762,9.4,0.88,0.332,16.38,63.342,48,0.9683,3.98,11.395,27.1875,60
4.571428571,11.9,0.36,1.494,20.79,46.92,23,0.9672,3.63,11.61,15.3125,60
4.285714286,14.4,0.53,1.9256,11.97,54.74,18,0.9704,3.56,10.535,12.5,62
4.666666667,9.6,0.56,1.0292,14.175,60.996,35,0.968,3.83,11.61,18.125,60
5.380952381,9.2,0.88,0.7636,16.38,46.13800000000001,8,0.967,3.87,12.04,4.6875,62
4.476190476,10.9,1.08,1.0624,14.49,60.996,38,0.968,3.75,10.32,47.5,63
5.380952381,9.2,0.88,0.7636,16.38,46.13800000000001,8,0.967,3.87,12.04,4.6875,60
4.333333333,8.2,0.75,0.5976,11.34,54.74,16,0.967,3.94,12.9,12.5,59
4.619047619,10.2,0.74,0.7636,19.53,74.29,16,0.9698,3.78,12.685,11.875,60
4.476190476,8.8,0.76,0.1328,10.08,30.498,7,0.9662,3.9,10.105,2.8125,59
4.476190476,9.2,0.48,1.5936,11.34,122.774,8,0.9676,3.8,22.575,5.3125,64
4.666666667,10.3,1.02,0.7968,16.38,68.03399999999999,15,0.9698,3.98,11.61,29.0625,62
4.285714286,9.7,0.59,1.6932,12.6,330.004,19,0.9679,3.53,25.155,19.375,62
4.476190476,10.1,0.58,1.0624,17.64,65.688,24,0.9684,3.82,13.33,38.125,60
4.476190476,10.1,0.57,1.0292,17.01,65.688,27,0.9684,3.81,13.115,39.0625,63
4.619047619,10.5,0.715,0.9296,20.16,68.03399999999999,21,0.9701,3.81,11.395,22.5,60
4.714285714,9.5,1.135,0.498,37.8,57.08600000000001,14,0.969,3.87,10.535,16.875,64
4.761904762,8.1,0.88,0.2656,12.6,72.726,13,0.9656,3.9,10.105,5.9375,59
5.0,8.5,0.59,0.6308,18.9,60.214,19,0.9666,3.87,10.965,11.5625,58
4.80952381,11.7,1.125,1.4276,17.64,62.56,24,0.9685,3.56,12.255,26.25,58
4.523809524,10.0,0.665,1.1288,18.9,72.726,19,0.9698,3.88,13.115,35.0,63
4.476190476,9.8,0.79,0.0,20.16,65.688,16,0.9692,3.86,9.675,10.3125,61
4.476190476,9.1,0.53,1.1952,14.49,58.65,13,0.9676,3.84,9.89,15.0,63
4.666666667,11.0,0.84,0.9296,16.38,60.996,24,0.968,3.78,10.965,24.0625,61
4.476190476,9.1,0.53,1.1952,14.49,58.65,13,0.9676,3.84,9.89,15.0,61
4.761904762,8.7,0.56,0.3652,16.38,61.778,15,0.9668,3.71,12.255,15.3125,61
4.571428571,9.5,0.66,0.1328,12.6,64.124,13,0.9676,3.72,9.46,6.875,63
4.523809524,8.2,0.76,0.0,24.57,67.252,20,0.9676,3.96,11.61,14.0625,59
4.571428571,9.5,0.66,0.1328,12.6,64.124,13,0.9676,3.72,9.46,6.875,63
4.380952381,10.0,0.58,0.7968,17.955,73.508,38,0.9682,3.6,11.395,33.125,60
4.761904762,8.7,0.52,0.2656,17.01,65.688,18,0.9668,3.71,12.685,15.0,63
4.523809524,8.2,0.41,0.996,13.86,41.44600000000001,39,0.9665,3.44,34.83,39.6875,61
4.952380952,10.1,0.76,0.5644,18.9,60.214,8,0.9676,3.79,11.825,4.0625,58
4.523809524,7.5,0.67,0.0664,11.34,52.394,7,0.967,3.96,14.62,3.4375,62
4.523809524,7.5,0.67,0.0664,11.34,52.394,7,0.967,3.96,14.62,3.4375,63
4.571428571,10.6,0.65,2.1912,14.49,302.634,15,0.9682,3.67,14.405,11.5625,60
5.476190476,10.0,0.975,0.4316,21.735,68.816,7,0.9694,3.94,11.18,4.375,63
4.571428571,8.4,0.935,0.0996,13.23,71.944,13,0.9666,3.89,10.105,5.9375,59
4.523809524,8.1,0.55,1.1288,17.01,64.124,19,0.968,4.05,12.9,22.5,64
4.428571429,8.8,0.66,0.664,12.6,58.65,12,0.9687,3.98,13.33,12.1875,61
4.523809524,8.8,1.065,0.332,13.23,87.584,14,0.9663,3.76,10.75,6.875,60
4.523809524,8.8,1.065,0.332,13.23,87.584,14,0.9663,3.76,10.75,6.875,60
4.380952381,10.1,0.56,0.7636,17.64,71.944,31,0.9683,3.6,12.04,32.5,62
4.428571429,10.1,0.79,0.0,15.12,68.816,22,0.969,3.85,12.9,11.875,61
4.523809524,10.3,0.63,0.7968,16.38,60.996,31,0.96788,3.71,12.255,43.4375,61
4.380952381,7.6,0.715,0.0,11.97,50.83,12,0.9672,3.96,13.975,5.625,63
4.761904762,12.7,0.51,1.9256,17.64,75.072,28,0.97024,3.63,11.395,31.5625,58
4.523809524,12.2,0.49,1.7928,17.01,74.29,24,0.9701,3.63,10.965,31.5625,60
4.476190476,9.7,0.43,1.328,16.38,64.906,19,0.96782,3.8,10.32,21.25,58
4.523809524,9.4,0.75,0.332,18.27,69.598,20,0.96803,3.79,11.825,12.5,64
4.523809524,9.4,0.75,0.332,18.27,69.598,20,0.96803,3.79,11.825,12.5,58
4.476190476,8.7,0.64,0.4316,15.75,75.854,27,0.96785,3.89,13.115,20.625,58
4.523809524,9.4,0.75,0.332,18.27,69.598,20,0.96803,3.79,11.825,12.5,64
4.666666667,9.2,0.97,0.0,13.86,65.688,13,0.96656,3.75,10.75,9.6875,63
4.666666667,9.2,0.97,0.0,13.86,65.688,13,0.96656,3.75,10.75,9.6875,61
4.380952381,9.9,0.52,0.6972,15.75,71.944,36,0.96823,3.69,11.18,27.5,63
4.619047619,10.1,0.68,0.83,17.64,58.65,12,0.96779,3.73,12.255,32.5,64
4.571428571,10.4,0.755,0.8632,12.6,75.072,8,0.96738,3.75,9.03,10.9375,60
4.571428571,10.4,0.755,0.8632,12.6,75.072,8,0.96738,3.75,9.03,10.9375,62
4.476190476,9.9,0.69,0.5976,18.27,69.598,15,0.96738,3.64,11.61,23.125,63
4.523809524,8.6,0.7,1.0624,17.01,80.546,16,0.96938,3.95,13.33,30.625,62
4.571428571,9.0,0.82,0.0332,11.97,59.432,10,0.96668,3.89,11.61,10.0,61
4.476190476,10.5,0.785,0.8632,15.12,64.124,26,0.9678,3.78,11.825,44.6875,62
4.476190476,10.6,0.67,0.8964,14.49,64.124,26,0.96782,3.77,11.825,45.0,60
4.761904762,8.3,1.1,0.0,18.9,79.764,10,0.96586,3.93,9.89,5.0,58
5.0,9.4,0.53,0.996,21.42,61.778,10,0.96788,3.86,13.115,10.625,64
4.666666667,8.2,0.62,0.0996,16.38,59.432,24,0.96745,4.0,12.9,28.75,62
4.666666667,7.6,0.56,0.4648,15.12,89.148,12,0.96732,4.16,13.975,11.5625,62
4.761904762,10.1,0.92,0.166,15.12,63.342,29,0.96814,3.86,11.395,30.0,60
4.666666667,7.6,0.56,0.4648,15.12,89.148,12,0.96732,4.16,13.975,11.5625,59
4.666666667,8.2,0.69,0.0332,15.75,60.214,23,0.96746,4.05,12.685,26.5625,63
4.523809524,11.0,0.45,1.3612,14.49,64.906,14,0.9682,3.71,10.75,19.0625,61
4.523809524,11.0,0.45,1.3612,14.49,64.906,14,0.9682,3.71,10.75,19.0625,59
4.428571429,9.7,0.73,0.5644,18.27,77.418,24,0.968,3.59,11.18,37.1875,62
4.571428571,9.9,0.74,0.5644,18.27,65.688,28,0.96818,3.73,11.61,40.625,60
5.1428571430000005,8.8,0.7,0.0,16.38,43.01,10,0.96639,3.88,12.04,4.0625,64
4.857142857,11.9,0.99,0.996,16.38,103.224,10,0.96786,3.49,25.37,18.75,64
4.571428571,9.8,0.56,1.0292,15.75,98.532,27,0.96746,3.6,15.91,20.0,61
4.476190476,8.3,0.71,0.2656,25.2,64.124,29,0.96641,3.75,10.965,33.75,58
4.761904762,9.7,0.65,0.2988,20.79,53.176,11,0.96735,3.73,9.46,5.3125,61
4.380952381,8.5,0.63,0.3984,11.97,129.03,7,0.96702,3.76,18.49,3.75,60
5.0,8.4,0.59,0.332,16.38,53.176,7,0.96562,3.8,10.105,4.375,63
5.1428571430000005,11.9,0.55,1.0956,15.75,77.418,23,0.96818,3.74,15.265,11.875,64
5.1428571430000005,11.9,0.55,1.0956,15.75,77.418,23,0.96818,3.74,15.265,11.875,58
4.476190476,8.2,0.815,0.0,14.805,55.522,24,0.96632,3.79,9.675,14.6875,58
4.571428571,10.2,0.76,0.498,20.16,75.854,12,0.96976,3.78,11.61,18.4375,59
4.619047619,8.1,0.785,0.0,11.97,77.418,12,0.96606,3.84,12.9,6.875,60
4.666666667,7.8,0.64,0.4316,12.6,59.432,18,0.9673,4.11,13.76,11.25,60
4.666666667,7.8,0.64,0.4316,12.6,59.432,18,0.9673,4.11,13.76,11.25,58
4.904761905,8.2,0.58,0.9296,17.64,53.176,9,0.96682,3.74,11.395,5.0,64
5.095238095,8.2,0.56,0.4648,17.64,59.432,18,0.96624,3.86,10.535,11.5625,60
5.095238095,8.2,0.56,0.4648,17.64,59.432,18,0.96624,3.86,10.535,11.5625,59
4.476190476,9.9,0.785,0.8632,10.08,68.816,19,0.96694,3.82,10.105,7.1875,62
4.428571429,8.7,0.765,0.332,9.45,51.612,30,0.96655,3.89,10.965,17.1875,59
4.761904762,7.1,0.6,0.1328,13.86,71.944,16,0.96647,3.96,10.105,8.125,60
4.904761905,7.7,0.76,0.0,18.9,89.93,24,0.96629,3.95,13.545,9.6875,59
4.476190476,8.2,0.785,1.162,12.6,68.816,12,0.9663,3.78,13.33,28.75,61
4.666666667,7.5,0.74,0.6972,11.34,63.342,17,0.96689,4.09,14.19,9.6875,63
4.666666667,7.5,0.74,0.6972,11.34,63.342,17,0.96689,4.09,14.19,9.6875,58
4.666666667,7.5,0.74,0.6972,11.34,63.342,17,0.96689,4.09,14.19,9.6875,64
4.666666667,7.5,0.73,0.6972,10.08,62.56,15,0.96689,4.08,14.19,10.0,58
4.523809524,10.4,0.53,1.4608,11.97,66.47,12,0.96708,3.78,11.825,6.875,62
4.523809524,10.4,0.53,1.4608,11.97,66.47,12,0.96708,3.78,11.825,6.875,59
4.619047619,9.1,0.52,1.0624,15.75,62.56,29,0.96801,3.72,23.005,38.125,58
4.523809524,8.3,0.72,0.1992,17.01,60.214,18,0.96746,4.01,11.61,26.5625,64
4.952380952,8.6,0.52,1.0624,17.01,52.394,10,0.96628,3.74,9.46,7.8125,61
4.619047619,8.3,0.72,0.1992,15.75,60.996,20,0.96746,4.01,11.395,26.25,64
4.523809524,8.3,0.72,0.1992,17.01,60.214,18,0.96746,4.01,11.61,26.5625,62
4.619047619,8.3,0.735,0.2324,16.38,60.214,19,0.96748,4.01,11.61,26.875,58
5.0476190480000005,8.0,0.66,0.0996,9.45,67.252,39,0.96522,4.03,12.255,14.375,60
4.523809524,8.3,0.7,0.1328,15.75,59.432,21,0.96745,4.03,11.825,27.5,60
4.714285714,10.3,0.66,0.5976,10.08,60.996,13,0.96576,3.65,10.535,6.5625,59
4.523809524,8.3,0.7,0.1328,15.75,59.432,21,0.96745,4.03,11.825,27.5,64
5.0,10.0,0.85,0.4648,15.75,67.252,12,0.96824,3.84,13.76,9.375,58
4.428571429,11.8,1.0,1.1288,41.58,87.584,26,0.97289,3.72,14.62,30.9375,62
4.80952381,8.3,0.44,0.7968,12.6,55.522,33,0.96576,3.94,12.47,16.25,64
4.619047619,8.3,0.76,0.0996,14.49,60.996,19,0.96743,4.03,12.255,26.875,59
4.619047619,8.3,0.76,0.0996,14.49,60.996,19,0.96743,4.03,12.255,26.875,62
5.619047619,10.0,0.41,1.1952,16.38,43.792,13,0.96562,3.9,14.835,12.1875,63
4.523809524,10.3,0.68,0.664,18.9,63.342,18,0.968,3.73,12.685,35.9375,63
5.2380952380000005,8.3,0.64,0.8964,16.38,65.688,15,0.9664,3.89,15.265,24.375,58
5.2380952380000005,6.4,0.815,0.6308,9.45,125.902,10,0.96395,4.12,13.115,19.375,58
5.0,10.7,0.51,1.2284,14.49,71.16199999999998,13,0.96786,3.74,12.04,7.1875,61
5.333333333,9.7,0.57,0.8964,14.49,43.01,17,0.96516,3.68,17.2,8.75,63
5.333333333,9.7,0.57,0.8964,14.49,43.01,17,0.96516,3.68,17.2,8.75,63
5.0,7.7,0.71,0.0332,11.97,62.56,11,0.96746,4.19,15.695,7.8125,61
4.666666667,8.5,0.71,0.0332,12.6,57.868,16,0.96748,3.98,13.975,11.875,60
4.666666667,8.5,0.71,0.0332,12.6,57.868,16,0.96748,3.98,13.975,11.875,58
5.0,7.7,0.71,0.0332,11.97,62.56,11,0.96746,4.19,15.695,7.8125,61
5.428571429,7.3,0.56,0.5644,10.08,57.08600000000001,10,0.96425,4.11,11.61,3.4375,62
4.952380952,9.6,0.31,1.7264,11.97,70.38,12,0.96648,3.86,14.405,7.1875,59
4.761904762,9.1,0.69,0.166,12.6,69.598,15,0.96735,3.86,13.115,10.0,62
4.428571429,8.2,0.66,0.4648,10.08,60.996,10,0.96592,3.77,13.33,5.625,58
4.523809524,7.7,0.67,0.0664,13.23,89.93,9,0.96654,3.88,14.835,5.0,61
4.380952381,9.6,0.76,0.664,13.23,75.854,26,0.96733,3.63,10.32,35.3125,63
4.857142857,7.8,0.66,0.2988,18.27,61.778,10,0.96669,3.96,13.115,6.875,58
5.095238095,9.6,0.44,1.4608,10.71,61.778,9,0.96605,4.02,13.545,3.75,63
4.476190476,8.3,0.51,0.996,13.23,64.906,38,0.967,3.94,11.18,22.5,58
4.476190476,8.3,0.51,0.996,13.23,64.906,38,0.967,3.94,11.18,22.5,58
4.333333333,9.5,0.69,0.9628,16.38,85.238,34,0.96801,3.65,10.75,37.1875,63
4.952380952,13.3,0.55,1.6268,8.82,58.65,6,0.9669,3.63,13.545,1.875,63
4.761904762,10.6,0.96,0.8632,11.97,61.778,16,0.96712,3.75,13.33,8.75,61
4.952380952,13.3,0.55,1.6268,8.82,58.65,6,0.9669,3.63,13.545,1.875,62
4.476190476,8.2,0.46,0.996,10.08,62.56,38,0.96693,3.94,10.75,21.875,64
4.476190476,8.8,0.49,0.3984,10.71,75.854,22,0.96596,3.66,10.535,8.4375,58
4.476190476,8.8,0.49,0.3984,10.71,75.854,22,0.96596,3.66,10.535,8.4375,60
4.476190476,8.2,0.44,0.9296,12.6,64.124,34,0.96694,3.95,10.32,21.25,64
4.476190476,8.2,0.44,0.9296,12.6,64.124,34,0.96694,3.95,10.32,21.25,61
4.476190476,11.1,0.45,1.494,15.75,71.944,23,0.96918,3.65,9.245,27.5,60
4.904761905,9.3,0.53,0.9628,10.08,63.342,30,0.96603,3.75,11.61,14.0625,60
5.19047619,10.7,0.6,1.1952,17.64,90.712,29,0.96722,3.68,14.62,17.1875,63
4.761904762,8.8,1.105,0.498,13.23,79.764,14,0.96604,3.73,10.32,10.0,61
4.952380952,8.1,0.6,0.4648,11.34,60.996,13,0.96636,4.03,13.115,7.1875,59
5.0,8.1,0.61,0.2988,13.23,48.484,7,0.96584,3.85,11.61,2.8125,64
5.523809524,7.5,0.895,0.0,13.86,50.83,31,0.96378,3.99,11.18,16.25,63
4.571428571,9.2,0.92,0.0,25.83,74.29,8,0.96854,3.86,11.395,4.375,58
4.380952381,8.4,1.01,0.332,11.34,57.868,23,0.96672,3.85,12.04,17.5,63
4.857142857,8.5,1.065,0.0,13.86,68.816,19,0.96756,4.08,14.405,10.0,64
4.952380952,8.2,0.53,0.5644,11.34,64.124,30,0.96634,3.99,13.76,15.9375,58
4.952380952,8.2,0.53,0.5644,11.34,64.124,30,0.96634,3.99,13.76,15.9375,59
4.380952381,9.6,0.56,1.9588,8.82,323.748,19,0.96702,3.53,28.81,14.0625,64
6.142857143,6.7,0.705,0.166,15.12,57.08600000000001,22,0.96258,4.06,11.825,7.8125,61
4.333333333,8.7,0.52,0.83,24.57,81.328,31,0.96784,3.65,12.255,28.125,64
5.1428571430000005,9.1,0.72,1.162,17.64,67.252,31,0.967,3.81,13.33,16.25,62
4.380952381,8.6,0.87,0.664,51.03,76.63600000000002,33,0.96892,3.7,12.47,28.75,64
4.380952381,8.6,0.87,0.664,51.03,76.63600000000002,33,0.96892,3.7,12.47,28.75,58
5.2380952380000005,9.7,0.47,2.158,40.32,62.56,6,0.96817,3.77,12.47,2.5,61
5.2380952380000005,9.7,0.47,2.158,40.32,62.56,6,0.96817,3.77,12.47,2.5,62
4.571428571,7.9,0.58,0.2656,11.34,57.868,43,0.96529,3.62,10.535,20.0,58
5.0,10.5,0.5,1.5604,15.75,68.03399999999999,9,0.96772,3.65,10.75,6.25,60
4.476190476,9.7,0.62,1.2616,9.45,75.072,8,0.96666,3.7,11.18,5.625,60
4.476190476,9.7,0.62,1.2616,9.45,75.072,8,0.96666,3.7,11.18,5.625,62
6.095238095,7.4,0.67,0.9296,13.23,37.536,16,0.96374,3.91,12.9,15.3125,61
4.523809524,9.2,0.88,0.332,20.79,70.38,7,0.96855,3.86,10.535,4.0625,62
6.142857143,6.7,0.76,0.0,15.75,51.612,10,0.96256,4.02,12.47,4.6875,62
4.761904762,11.1,0.53,1.0956,17.01,74.29,31,0.9684,3.72,14.62,27.8125,58
4.523809524,7.0,0.29,0.6972,10.71,35.19,60,0.96341,3.82,9.46,42.1875,58
4.333333333,8.6,0.51,0.498,23.31,81.328,32,0.96786,3.64,12.47,29.375,58
4.80952381,8.4,0.42,0.7636,14.49,51.612,38,0.96588,3.93,13.33,21.875,61
4.666666667,9.4,0.7,0.83,13.86,92.276,12,0.96616,3.65,11.395,11.875,60
4.666666667,9.4,0.7,0.83,13.86,92.276,12,0.96616,3.65,11.395,11.875,61
5.1428571430000005,11.3,0.51,1.4276,13.86,86.02,14,0.96728,3.66,14.405,11.5625,58
4.761904762,10.1,0.885,0.7968,10.71,60.996,13,0.96692,3.79,14.405,6.5625,63
4.761904762,10.1,0.885,0.7968,10.71,60.996,13,0.96692,3.79,14.405,6.5625,60
4.476190476,9.6,0.54,1.66,11.97,288.558,18,0.96634,3.51,23.65,11.875,58
4.857142857,11.0,0.64,0.8632,12.6,86.802,10,0.96709,3.44,21.07,18.75,64
5.428571429,6.7,1.015,0.0,13.23,32.062,20,0.96346,4.18,15.695,24.375,62
5.428571429,10.9,0.49,1.4276,10.395,53.176,8,0.96478,3.69,9.89,3.4375,60
4.428571429,7.9,0.76,0.2324,10.08,54.74,19,0.96572,3.79,12.9,19.0625,62
5.19047619,7.8,0.74,0.7636,13.23,62.56,14,0.96538,3.86,15.05,37.1875,60
5.80952381,7.7,0.9,0.0996,49.14,61.778,9,0.9663,4.02,10.75,3.75,59
5.19047619,7.8,0.74,0.7636,13.23,62.56,14,0.96538,3.86,15.05,37.1875,59
5.1428571430000005,7.6,0.985,0.0,14.49,129.812,9,0.96551,4.06,10.965,3.75,63
5.1428571430000005,7.5,0.985,0.0,14.49,129.812,9,0.96551,4.06,10.965,3.75,61
4.476190476,11.0,0.84,0.6308,36.54,86.802,36,0.96878,3.64,11.825,23.75,61
4.761904762,11.0,0.82,1.826,10.71,106.352,27,0.96752,3.85,20.21,16.25,60
4.428571429,7.7,0.54,0.498,13.23,59.432,25,0.9657,3.82,13.33,16.5625,59
4.476190476,10.3,0.56,0.7636,16.38,71.16199999999998,21,0.96922,3.65,10.965,24.0625,60
4.380952381,8.6,0.68,0.0996,25.83,62.56,30,0.96592,3.52,10.105,14.375,63
4.571428571,10.1,0.68,0.83,12.6,81.328,11,0.96769,3.77,15.48,6.5625,61
4.523809524,8.7,0.53,0.9628,13.23,58.65,22,0.96718,3.9,13.76,20.625,64
5.1428571430000005,8.9,0.915,0.0332,16.38,57.868,51,0.96621,3.88,13.33,28.125,62
4.523809524,8.7,0.53,0.9628,13.23,58.65,22,0.96718,3.9,13.76,20.625,64
4.428571429,8.6,0.71,0.664,10.71,59.432,39,0.96494,3.6,8.6,18.75,60
4.666666667,10.9,0.47,1.2948,15.75,61.778,31,0.96729,3.66,12.685,20.3125,63
4.523809524,9.4,0.66,0.7304,15.12,64.124,13,0.9683,3.87,13.33,26.875,60
5.0,8.5,0.65,0.6308,11.34,64.124,18,0.96655,3.99,14.62,10.625,59
4.761904762,8.5,0.84,0.2324,10.71,67.252,18,0.96502,3.62,10.32,15.0,59
5.0,8.5,0.65,0.6308,11.34,64.124,18,0.96655,3.99,14.62,10.625,62
4.666666667,8.6,0.68,0.4648,13.86,60.214,30,0.9663,3.78,12.685,18.75,60
4.666666667,8.2,0.82,0.0,11.34,96.186,9,0.96627,3.95,12.47,4.375,59
4.523809524,9.0,0.76,0.0,8.82,75.072,9,0.96569,3.93,12.47,4.0625,61
5.19047619,8.9,0.8,0.1992,11.97,61.778,23,0.96628,3.9,14.835,10.9375,62
5.2380952380000005,7.2,0.74,0.0664,15.12,53.958,29,0.96358,3.97,9.675,14.375,59
4.380952381,8.6,0.69,0.7304,11.34,64.124,46,0.96499,3.6,9.03,18.75,62
4.428571429,9.7,0.735,2.2576,11.34,315.146,22,0.96632,3.52,24.725,17.5,60
4.666666667,10.9,0.55,1.2616,15.75,63.342,37,0.96726,3.65,12.47,20.625,64
5.333333333,7.0,0.56,0.0,11.97,60.214,28,0.96385,4.0,11.395,13.75,60
4.428571429,8.6,0.68,0.664,12.6,57.08600000000001,37,0.96494,3.6,9.245,13.75,63
5.19047619,8.1,0.52,0.6308,14.49,55.522,21,0.96476,3.89,12.04,11.25,61
5.0,12.4,0.47,1.66,11.34,70.38,23,0.96734,3.65,12.255,14.6875,63
6.19047619,9.1,0.7,0.2656,16.38,43.792,6,0.96286,3.72,7.955,2.1875,63
4.857142857,8.1,0.7,0.996,28.35,53.176,23,0.96914,3.8,25.155,34.375,58
4.857142857,8.1,0.7,0.996,28.35,53.176,23,0.96914,3.8,25.155,34.375,58
5.2380952380000005,8.7,0.84,0.0,11.97,78.2,9,0.96521,3.86,12.685,3.75,64
4.523809524,7.7,0.73,0.0,27.09,72.726,54,0.96558,3.7,9.675,24.375,59
4.523809524,7.7,0.73,0.0,27.09,72.726,54,0.96558,3.7,9.675,24.375,62
5.333333333,9.1,0.38,1.4608,11.34,63.342,31,0.96501,3.86,14.19,21.25,63
4.380952381,8.7,0.89,0.6972,14.49,68.03399999999999,24,0.9655,3.62,9.46,21.25,59
4.666666667,8.6,0.71,0.8632,11.97,57.08600000000001,27,0.96612,3.8,11.395,27.5,64
4.80952381,10.8,0.79,1.0624,15.75,68.816,25,0.9679,3.79,13.33,28.4375,61
4.80952381,10.8,0.79,1.0624,15.75,68.816,25,0.9679,3.79,13.33,28.4375,63
4.380952381,8.1,0.72,0.332,8.82,55.522,30,0.966,3.78,13.115,19.6875,61
4.666666667,8.6,0.71,0.8632,11.97,57.08600000000001,27,0.96612,3.8,11.395,27.5,58
5.0,9.1,1.28,0.6972,11.97,64.906,17,0.96532,3.84,10.105,12.8125,63
4.80952381,10.8,0.76,1.1288,16.38,73.508,15,0.96796,3.76,14.19,27.5,58
5.428571429,10.2,0.44,1.3944,11.34,45.356,12,0.96392,3.68,11.825,5.625,62
4.428571429,7.6,0.62,0.3652,11.34,57.08600000000001,16,0.9655,3.84,11.18,11.875,61
4.380952381,8.9,0.97,0.8632,23.94,83.67399999999998,34,0.96668,3.76,9.89,20.9375,59
4.571428571,10.2,0.875,0.7304,13.86,61.778,15,0.9676,3.68,10.965,15.0,61
4.761904762,8.3,0.935,0.0,12.6,129.812,7,0.96608,3.89,11.18,3.4375,59
4.523809524,7.1,0.6,0.0,8.82,44.574,18,0.96448,3.86,9.675,8.125,60
4.523809524,7.1,0.6,0.0,8.82,44.574,18,0.96448,3.86,9.675,8.125,61
4.523809524,7.1,0.6,0.0,8.82,44.574,18,0.96448,3.86,9.675,8.125,61
5.2380952380000005,12.6,0.52,1.5936,16.38,60.214,11,0.96852,3.59,11.395,6.25,62
5.428571429,7.2,0.69,0.0332,13.23,43.792,8,0.96472,4.02,12.04,4.0625,62
4.523809524,8.3,0.755,0.0996,11.34,60.996,10,0.96587,3.84,8.385,3.75,58
4.523809524,8.3,0.755,0.0996,11.34,60.996,10,0.96587,3.84,8.385,3.75,61
5.1428571430000005,8.0,0.67,0.0,17.64,63.342,24,0.96518,3.91,11.18,12.8125,61
4.761904762,10.1,0.7,0.9628,12.6,53.958,35,0.96654,3.84,12.255,22.8125,58
4.904761905,8.7,0.745,0.0996,11.97,67.252,17,0.9669,3.87,9.89,17.8125,58
4.904761905,8.7,0.745,0.0996,11.97,67.252,17,0.9669,3.87,9.89,17.8125,61
4.761904762,8.3,0.68,0.0996,14.49,60.214,10,0.96568,3.85,11.18,8.75,58
4.80952381,7.2,0.42,0.83,11.34,67.252,8,0.96464,3.86,9.46,10.0,62
4.80952381,7.2,0.44,0.83,11.34,65.688,7,0.96464,3.86,9.46,8.75,61
4.523809524,8.5,0.74,0.5644,34.02,131.376,55,0.96736,3.78,10.75,30.625,59
5.19047619,10.3,0.64,1.0292,14.49,87.584,14,0.96699,3.74,12.04,11.875,64
4.80952381,9.4,0.95,0.4648,15.75,72.726,16,0.96724,3.86,11.61,16.875,58
4.523809524,8.9,0.6,0.2988,13.86,89.93,13,0.9671,3.68,13.33,13.125,58
4.666666667,8.4,0.84,0.2656,10.71,73.508,13,0.96576,3.74,10.75,14.0625,59
4.380952381,9.8,0.88,1.6932,10.71,324.53,15,0.96623,3.5,25.155,20.625,60
4.380952381,9.8,0.88,1.6932,10.71,324.53,15,0.96623,3.5,25.155,20.625,64
4.428571429,8.8,0.85,0.8964,23.94,86.02,37,0.96664,3.74,9.675,27.8125,60
4.714285714,8.3,0.66,0.8632,12.6,64.906,16,0.96586,3.76,11.18,31.25,61
4.761904762,9.3,0.985,0.664,8.82,67.252,10,0.9646,3.61,9.89,9.6875,58
4.571428571,7.9,0.93,0.2988,11.34,57.868,7,0.96534,3.88,9.675,7.8125,60
4.714285714,9.1,0.7,0.7304,13.23,62.56,28,0.96613,3.8,10.535,32.8125,61
4.714285714,9.1,0.7,0.7304,13.23,62.56,28,0.96613,3.8,10.535,32.8125,60
4.523809524,8.2,0.855,0.498,11.34,83.67399999999998,23,0.96593,3.69,10.75,26.25,61
4.380952381,9.1,0.91,0.83,21.42,59.432,37,0.96668,3.69,9.03,26.5625,62
4.571428571,8.5,0.74,0.2324,11.34,78.2,11,0.9661,3.8,12.47,7.1875,59
4.571428571,8.5,0.74,0.2324,11.34,78.2,11,0.9661,3.8,12.47,7.1875,64
4.904761905,7.7,0.74,1.0292,38.43,64.906,10,0.96718,3.85,14.62,15.3125,59
4.619047619,7.8,0.58,0.0664,13.86,62.56,39,0.96524,3.6,11.395,34.6875,60
5.2380952380000005,9.1,0.74,0.7304,15.12,73.508,8,0.96612,3.87,12.47,10.3125,58
4.666666667,8.2,0.72,0.1992,8.19,54.74,8,0.9642,3.67,10.32,3.75,62
4.857142857,9.1,0.62,0.83,12.6,60.996,22,0.96612,3.8,10.32,18.4375,60
4.380952381,7.5,0.67,0.4648,24.57,54.74,30,0.96669,3.82,10.32,22.8125,60
4.5476190480000005,9.8,0.775,0.332,10.08,70.38,7,0.96745,3.81,13.975,3.4375,62
4.714285714,8.4,0.69,0.8632,12.6,62.56,20,0.96584,3.78,11.18,32.5,61
4.714285714,9.0,0.79,0.6972,13.23,62.56,36,0.9662,3.75,10.965,44.0625,60
4.714285714,9.0,0.79,0.6972,13.23,62.56,36,0.9662,3.75,10.965,44.0625,59
4.80952381,11.0,0.67,0.83,12.6,81.328,15,0.9663,3.54,19.35,27.8125,63
4.571428571,11.1,0.42,1.9588,13.86,60.214,6,0.9694,3.7,16.77,4.6875,61
4.476190476,7.3,0.68,0.0,10.08,50.83,11,0.9666,4.06,18.06,5.625,64
4.571428571,11.1,0.42,1.9588,13.86,60.214,6,0.9694,3.7,16.77,4.6875,62
4.666666667,8.9,0.63,0.0332,10.08,60.214,6,0.965,3.66,9.89,5.9375,62
4.714285714,8.8,0.74,0.6972,13.86,60.214,35,0.9656,3.77,9.675,41.5625,62
4.666666667,8.9,0.63,0.0332,10.08,60.214,6,0.965,3.66,9.89,5.9375,64
4.476190476,8.6,0.5,0.5976,10.08,61.778,27,0.9665,3.84,12.47,18.125,60
5.333333333,8.7,0.51,1.0956,15.75,60.996,9,0.9657,3.8,12.47,7.1875,59
5.2380952380000005,8.9,0.74,0.0,11.97,56.304,30,0.9662,3.81,13.545,17.1875,62
5.380952381,9.0,0.28,1.328,13.86,38.31800000000001,41,0.966,3.83,19.995,20.9375,64
4.952380952,8.5,0.51,0.7968,11.34,51.612,21,0.9656,3.87,13.33,14.6875,62
4.0476190480000005,11.1,0.48,1.2616,10.08,132.158,30,0.96914,3.65,13.975,28.125,62
5.285714286,7.9,1.015,0.9628,30.24,54.74,18,0.96577,4.03,11.61,12.1875,64
4.904761905,8.1,0.69,0.0,10.71,40.664,6,0.966,3.91,10.105,2.5,62
4.666666667,8.0,0.73,0.0664,11.97,60.996,21,0.96712,3.9,16.125,9.375,63
5.571428571,8.0,0.68,0.664,11.025,45.356,11,0.96322,3.88,10.535,6.875,64
4.666666667,8.0,0.73,0.0664,11.97,60.996,21,0.96712,3.9,16.125,9.375,58
4.619047619,7.9,0.77,0.0,11.97,62.56,25,0.96701,3.9,15.91,12.1875,62
4.619047619,8.0,0.68,0.0332,11.97,62.56,43,0.96683,3.9,15.695,16.875,61
4.285714286,8.7,0.59,1.0956,11.97,57.868,30,0.96706,3.91,12.47,26.5625,61
4.285714286,8.7,0.59,1.0956,11.97,57.868,30,0.96706,3.91,12.47,26.5625,61
5.0,9.5,0.39,1.328,10.71,52.394,11,0.96603,3.89,12.9,6.25,64
4.619047619,7.9,0.69,0.332,10.71,49.26600000000001,37,0.9658,3.91,14.405,16.5625,59
4.619047619,7.9,0.69,0.332,10.71,49.26600000000001,37,0.9658,3.91,14.405,16.5625,61
4.619047619,11.1,0.79,0.3652,8.82,65.688,11,0.96578,3.38,10.105,7.5,59
6.0,7.8,0.8,0.2656,23.625,52.394,11,0.96334,3.93,11.18,5.0,60
5.2380952380000005,7.2,0.7,0.2656,11.34,55.522,17,0.96336,3.88,11.61,14.0625,60
4.19047619,11.0,0.6,1.66,86.94,160.31,51,0.97242,3.66,16.125,25.625,59
4.19047619,11.0,0.6,1.66,86.94,160.31,51,0.97242,3.66,16.125,25.625,61
5.0476190480000005,9.3,0.38,1.992,18.9,81.328,13,0.96828,3.89,14.62,6.875,63
5.0476190480000005,9.3,0.38,1.992,18.9,81.328,13,0.96828,3.89,14.62,6.875,61
5.095238095,9.2,0.43,1.4608,9.45,32.844,9,0.96542,3.85,13.115,3.75,60
4.619047619,8.1,0.755,0.5312,13.23,57.868,11,0.96606,3.87,11.825,7.8125,64
4.904761905,7.9,0.78,0.6972,13.23,54.74,12,0.96546,3.88,12.9,7.1875,62
5.0476190480000005,7.1,0.74,0.166,11.97,51.612,12,0.96496,4.02,16.77,5.3125,64
5.428571429,6.7,0.64,0.1328,10.71,38.31800000000001,8,0.9642,4.22,12.47,4.0625,64
5.428571429,6.7,0.64,0.1328,10.71,38.31800000000001,8,0.9642,4.22,12.47,4.0625,64
5.69047619,7.3,0.75,0.1992,10.08,39.1,9,0.96348,4.07,11.61,5.625,58
4.619047619,8.8,0.64,0.8632,11.97,69.598,26,0.96636,3.76,12.685,45.9375,61
4.619047619,8.8,0.64,0.8632,11.97,69.598,26,0.96636,3.76,12.685,45.9375,61
4.571428571,8.6,0.825,0.1328,9.45,59.432,11,0.96508,3.76,11.395,4.6875,64
4.476190476,8.9,0.92,0.9628,27.09,64.906,24,0.96642,3.66,11.395,20.0,59
4.666666667,8.4,0.685,0.5976,15.12,60.996,18,0.96638,3.81,11.61,18.75,59
5.285714286,9.0,0.28,1.328,11.34,48.484,10,0.9641,3.78,15.05,6.25,58
4.666666667,8.2,0.79,0.1328,13.23,53.176,22,0.96712,3.94,14.405,8.4375,60
5.0476190480000005,7.2,0.42,0.83,14.49,55.522,26,0.96633,3.92,20.855,18.125,63
5.0,8.5,0.57,1.5272,13.86,89.148,10,0.96647,3.82,13.545,6.25,61
4.857142857,7.7,0.8,0.2656,16.38,82.89200000000002,17,0.96665,3.94,12.47,8.4375,59
5.0476190480000005,7.2,0.42,0.83,14.49,55.522,26,0.96633,3.92,20.855,18.125,61
4.952380952,7.9,0.58,0.83,12.6,59.432,32,0.9653,3.84,12.9,19.0625,62
4.619047619,7.8,0.58,0.2656,13.23,50.048,21,0.96552,3.83,13.76,10.625,62
4.857142857,7.2,0.805,0.332,17.64,63.342,16,0.96631,4.1,14.19,8.75,63
4.285714286,9.1,0.49,0.996,11.97,57.868,35,0.96717,3.89,13.115,26.25,62
5.714285714,7.3,0.74,0.2988,15.75,63.342,18,0.96538,4.07,13.545,8.125,62
4.714285714,8.3,0.49,1.0624,11.34,50.83,37,0.96714,3.96,16.77,18.75,61
4.857142857,8.1,0.67,0.0664,12.6,56.304,20,0.96575,3.86,13.115,8.125,59
5.761904762,7.4,0.7,0.332,10.08,37.536,15,0.96306,4.05,10.965,8.125,61
4.952380952,12.3,0.5,1.66,12.6,77.418,22,0.96783,3.6,12.47,15.625,59
4.523809524,8.2,0.78,0.0,14.49,68.03399999999999,20,0.96783,3.95,11.395,8.125,59
4.476190476,8.2,0.77,0.0,14.49,64.906,21,0.96768,3.94,11.61,8.4375,58
4.476190476,8.4,0.835,0.0,13.86,62.56,21,0.96765,3.91,12.9,8.75,60
4.714285714,7.7,0.98,0.1328,13.86,51.612,15,0.96636,4.03,12.04,6.25,58
4.523809524,8.0,0.73,1.0956,42.21,183.77,69,0.96787,3.72,12.04,35.9375,61
4.714285714,8.9,0.7,0.8632,12.6,62.56,34,0.96622,3.71,11.18,40.9375,61
4.714285714,8.9,0.7,0.8632,12.6,62.56,34,0.96622,3.71,11.18,40.9375,59
4.714285714,8.9,0.7,0.8632,12.6,62.56,34,0.96622,3.71,11.18,40.9375,62
4.80952381,8.3,0.795,0.4316,12.6,59.432,15,0.96546,3.79,11.61,6.25,60
4.80952381,8.3,0.795,0.4316,12.6,59.432,15,0.96546,3.79,11.61,6.25,60
4.80952381,8.3,0.795,0.4316,12.6,59.432,15,0.96546,3.79,11.61,6.25,59
4.80952381,8.3,0.795,0.4316,12.6,59.432,15,0.96546,3.79,11.61,6.25,64
4.380952381,8.1,0.66,0.4316,10.08,60.214,28,0.96629,3.84,12.685,13.125,61
4.523809524,8.4,0.79,1.0624,13.86,53.958,38,0.96632,3.83,10.965,32.5,58
5.380952381,7.3,0.66,0.2988,10.71,41.44600000000001,27,0.96402,4.04,12.9,10.0,58
5.380952381,7.3,0.66,0.2988,10.71,41.44600000000001,27,0.96402,4.04,12.9,10.0,59
5.666666667,7.2,0.815,0.332,16.38,41.44600000000001,16,0.96362,4.07,10.75,8.4375,60
4.666666667,7.3,0.56,0.9628,13.23,57.868,35,0.96578,3.83,13.33,30.625,61
4.380952381,7.7,0.825,0.664,49.14,57.08600000000001,32,0.9677,3.79,11.61,24.6875,59
5.0,7.3,0.7,0.2656,12.6,70.38,35,0.9649,3.95,12.47,13.75,58
4.857142857,7.0,0.745,0.3984,12.6,58.65,35,0.96547,4.07,15.265,13.75,62
4.285714286,8.5,0.69,0.2656,27.72,67.252,9,0.9674,3.88,10.75,9.0625,48
4.666666667,6.8,1.23,0.2988,9.45,134.504,10,0.964,4.0,10.32,5.9375,53
4.428571429,9.9,0.71,0.996,17.64,68.816,20,0.9676,3.76,10.965,14.375,54
6.238095238,5.7,0.62,0.498,13.23,42.228,11,0.9634,4.4,12.04,20.3125,51
4.380952381,9.4,0.775,0.8632,13.23,65.688,14,0.9676,3.81,11.395,13.4375,52
4.333333333,9.4,0.725,0.664,9.45,62.56,30,0.9672,3.66,24.08,37.1875,51
5.0,6.1,1.12,0.1328,8.82,35.19,44,0.9638,4.25,10.32,26.5625,53
4.476190476,10.3,0.62,3.32,21.42,477.02,35,0.9696,3.24,43.0,21.5625,48
4.380952381,8.7,0.78,0.0664,8.19,56.304,12,0.9665,3.67,23.22,6.25,50
4.285714286,8.4,0.65,0.0996,10.08,56.304,20,0.9656,3.87,10.32,13.125,49
4.333333333,9.0,0.985,0.0996,11.34,45.356,7,0.9672,3.86,7.095,2.5,52
5.428571429,8.0,1.19,0.1992,13.23,47.702,15,0.9648,4.01,9.245,9.6875,50
4.952380952,9.5,0.735,1.1952,12.6,69.598,18,0.96745,3.81,12.255,17.1875,54
4.476190476,8.1,1.075,0.1328,12.6,68.03399999999999,15,0.96565,3.85,12.9,20.9375,51
4.666666667,9.2,0.97,0.0,20.79,75.072,29,0.97025,4.1,15.48,19.0625,52
4.571428571,13.6,0.56,1.6268,28.35,54.74,29,0.9681,3.55,12.255,15.3125,51
4.571428571,11.6,0.69,1.6268,13.23,54.74,17,0.9691,3.8,12.04,14.6875,48
4.761904762,11.0,0.6,0.7968,14.49,80.546,9,0.9678,3.84,11.18,4.375,49
4.761904762,9.3,1.015,0.8964,13.23,68.816,10,0.9662,3.76,10.105,7.1875,50
5.380952381,11.2,1.035,0.7304,21.42,82.11,14,0.971,3.93,13.76,26.875,51
5.2380952380000005,9.4,0.945,0.0332,13.86,54.74,8,0.9667,3.82,12.47,4.375,48
5.2380952380000005,8.2,0.94,0.0664,27.72,75.072,8,0.967,3.91,12.255,4.0625,53
4.571428571,8.6,0.48,1.5936,16.38,57.08600000000001,25,0.9672,3.82,15.05,26.25,51
4.619047619,10.2,0.865,0.1328,10.08,60.996,7,0.968,3.79,11.61,4.375,53
5.333333333,8.6,1.215,0.332,19.53,67.252,8,0.9658,4.04,12.9,3.75,51
5.428571429,8.0,0.49,0.7968,13.23,79.764,7,0.96462,3.94,12.47,2.1875,50
5.19047619,8.6,0.785,0.2324,15.75,45.356,8,0.96632,3.88,11.825,2.8125,54
4.714285714,12.7,0.57,1.4608,10.08,114.954,39,0.96836,3.88,18.49,15.9375,53
4.761904762,8.4,0.45,0.7968,12.6,52.394,31,0.96576,3.93,11.61,15.0,48
5.19047619,8.2,0.57,0.0,13.86,52.394,10,0.96517,3.9,12.47,4.375,54
4.380952381,9.5,0.77,0.6308,13.86,72.726,14,0.96736,3.7,12.685,23.4375,49
4.952380952,13.1,0.73,1.66,8.82,55.522,9,0.96791,3.57,12.9,8.125,53
5.476190476,7.6,0.68,0.0,13.86,75.072,6,0.96557,4.12,13.33,4.0625,51
5.333333333,7.6,0.98,0.0996,35.28,61.778,26,0.96572,4.08,10.75,14.6875,54
4.571428571,9.9,1.055,0.166,11.34,58.65,8,0.96616,3.8,9.46,5.9375,54
4.428571429,11.3,0.33,1.2284,13.86,44.574,17,0.96614,3.73,10.535,11.25,54
5.476190476,7.1,0.43,1.0624,81.27,42.228,9,0.96572,3.8,12.04,35.3125,54
4.571428571,9.2,0.83,0.0,15.75,63.342,15,0.96798,3.88,9.89,7.5,54
5.619047619,7.6,0.77,0.0,27.09,44.574,14,0.96488,3.95,12.04,6.25,50
5.333333333,7.4,1.12,0.0,12.6,64.906,20,0.96437,4.09,11.825,7.5,48
4.571428571,9.3,0.88,0.0,13.86,69.598,16,0.9678,3.87,9.89,8.125,51
5.714285714,9.6,0.5,1.328,39.69,39.1,6,0.96566,3.78,12.04,3.125,54
4.619047619,8.6,0.855,0.0,11.97,65.688,9,0.96672,3.84,10.535,3.75,48
5.285714286,7.9,0.78,0.2988,24.57,53.176,18,0.96524,3.91,11.18,9.0625,50
4.666666667,9.1,0.93,0.8964,12.6,62.56,14,0.96652,3.79,10.32,19.6875,51
4.952380952,7.7,0.71,0.0,10.08,53.958,7,0.96396,3.83,7.955,2.5,49
5.2380952380000005,7.5,0.63,0.2988,24.57,96.186,17,0.9668,4.0,14.405,9.6875,51
4.761904762,7.3,0.885,0.0,13.23,46.92,9,0.96664,4.09,13.115,4.0625,52
5.2380952380000005,7.8,1.14,0.2656,14.49,52.394,22,0.96648,4.02,12.255,10.0,50
4.80952381,6.7,0.72,0.0996,9.45,62.56,9,0.96498,4.16,13.33,4.0625,50
4.904761905,8.3,0.68,1.7928,13.23,89.148,6,0.96719,3.83,12.255,2.8125,48
5.19047619,7.9,1.01,0.1992,12.6,46.92,7,0.96592,4.03,13.76,3.4375,49
4.30952381,8.0,0.58,0.664,11.97,64.124,12,0.96585,3.89,9.245,7.1875,52
4.285714286,12.7,0.68,2.1912,13.86,57.868,13,0.9708,3.75,12.255,14.6875,39
4.0,11.5,0.71,1.6268,13.23,156.4,8,0.9694,3.66,13.545,5.0,42
5.095238095,8.5,1.285,0.0,26.775,75.854,8,0.9666,4.13,11.61,4.375,38
4.714285714,11.5,0.54,1.3944,9.45,113.39,37,0.96832,3.88,18.49,15.0,40
5.2380952380000005,9.4,1.12,0.0664,21.42,65.688,9,0.96892,3.98,10.535,3.4375,40
5.19047619,8.7,1.68,0.0,13.23,107.134,8,0.96476,4.0,8.6,2.8125,40
4.666666667,7.9,0.915,0.0,7.56,208.794,19,0.96471,3.82,10.965,9.0625,39
4.619047619,8.4,1.08,0.166,13.23,47.702,23,0.96705,3.81,11.825,15.3125,42
4.857142857,8.2,0.975,0.166,35.91,64.124,6,0.96808,3.9,11.18,4.375,44
4.7380952380000005,7.8,0.86,0.0664,11.34,60.996,9,0.966,4.05,13.545,3.75,44
6.095238095,9.0,0.45,1.5272,22.68,60.996,18,0.9673,3.85,18.49,11.5625,94
6.0,11.4,0.42,1.494,40.32,57.08600000000001,8,0.9676,3.73,17.63,4.0625,93
6.142857143,6.7,0.95,0.166,8.82,35.19,15,0.9624,4.06,17.63,27.5,94
4.666666667,13.7,0.41,2.3904,13.86,56.304,9,0.9687,3.38,17.63,9.0625,94
6.380952381,12.4,0.72,2.2244,32.76,67.252,9,0.9688,3.72,14.835,5.9375,92
5.571428571,10.5,0.4,1.8592,17.64,62.56,9,0.9664,3.65,19.78,5.3125,90
5.2380952380000005,11.8,0.45,1.7596,16.38,54.74,8,0.9672,3.65,13.975,5.0,91
5.2380952380000005,11.8,0.45,1.7596,16.38,54.74,8,0.9672,3.65,13.975,5.0,94
6.666666667,6.1,0.52,0.7968,12.6,46.92,22,0.9617,4.22,15.91,15.625,93
6.047619048,8.9,0.67,0.2988,14.49,50.83,37,0.96417,3.96,15.91,14.0625,93
5.952380952,10.2,0.5,1.66,11.34,55.522,10,0.96462,3.71,14.835,5.0,88
5.619047619,11.1,0.36,1.7928,11.97,64.906,45,0.96451,3.48,13.545,23.125,94
6.238095238,9.0,0.64,1.1288,15.75,59.432,11,0.96235,3.7,15.48,5.3125,90
5.571428571,9.7,0.52,1.2948,11.34,53.176,9,0.96516,3.85,14.835,3.75,92
6.666666667,6.6,0.59,0.0996,11.34,34.408,31,0.9608,4.0,17.63,27.1875,92
4.761904762,8.3,0.43,1.0956,10.71,47.702,6,0.966,3.73,23.65,4.0625,93
5.380952381,8.3,0.48,1.0292,12.6,43.792,18,0.96472,3.73,16.34,9.0625,90
5.428571429,8.5,0.46,0.996,11.34,57.868,20,0.96419,3.74,15.05,7.5,90
4.761904762,8.4,0.75,0.0,7.56,50.83,18,0.9646,3.89,10.105,6.5625,82
4.523809524,8.9,0.68,0.0664,12.6,57.08600000000001,12,0.9668,3.86,12.255,5.625,84
5.0,9.6,0.38,1.8592,11.34,71.944,38,0.9669,3.8,16.125,32.1875,82
4.619047619,9.2,0.48,0.9296,13.23,51.612,16,0.9668,3.73,15.695,9.375,82
4.523809524,8.6,0.62,0.5312,11.97,66.47,15,0.9668,3.88,13.33,10.9375,79
5.0,9.1,0.69,0.5312,11.34,50.83,6,0.9662,3.92,19.78,5.0,79
6.19047619,6.5,0.935,0.2656,7.56,35.972,16,0.9624,4.07,18.275,29.0625,79
4.904761905,10.7,0.42,1.5604,8.82,43.792,12,0.96695,3.72,17.63,7.5,82
5.1428571430000005,13.9,0.4,2.4568,16.38,74.29,12,0.9694,3.7,16.555,8.75,83
5.1428571430000005,13.9,0.4,2.4568,16.38,74.29,12,0.9694,3.7,16.555,8.75,79
5.0,12.1,0.4,1.9256,13.23,42.228,10,0.968,3.81,18.92,5.9375,78
5.80952381,6.3,0.58,0.1328,10.08,42.228,22,0.9627,4.04,13.33,33.125,79
4.380952381,16.1,0.31,1.4608,13.86,58.65,13,0.97005,3.57,18.06,7.5,83
4.380952381,16.1,0.31,1.4608,13.86,58.65,13,0.97005,3.57,18.06,7.5,83
5.0,11.1,0.41,1.5604,16.38,66.47,17,0.96965,3.86,17.2,10.3125,83
4.857142857,12.9,0.36,1.7264,11.34,55.522,9,0.9668,3.7,15.48,3.125,78
5.0,10.0,0.5,1.0624,35.28,68.03399999999999,13,0.9691,3.88,16.555,14.6875,80
4.714285714,8.8,0.37,2.2576,22.05,279.956,8,0.9672,3.75,23.22,3.125,80
5.0,10.0,0.5,1.0624,35.28,68.03399999999999,13,0.9691,3.88,16.555,14.6875,79
5.0476190480000005,9.8,0.62,0.2988,15.75,71.16199999999998,23,0.9676,3.84,18.49,15.3125,82
5.0476190480000005,9.8,0.62,0.2988,15.75,71.16199999999998,23,0.9676,3.84,18.49,15.3125,83
5.476190476,10.9,0.76,1.2948,20.16,64.906,24,0.9689,3.87,15.265,18.4375,80
5.476190476,10.9,0.76,1.2948,20.16,64.906,24,0.9689,3.87,15.265,18.4375,80
5.476190476,12.7,0.63,2.1912,22.995,94.622,9,0.9678,3.55,15.91,4.375,82
5.571428571,9.0,0.75,0.0332,15.75,60.996,20,0.9663,3.84,15.91,11.875,78
5.80952381,13.0,0.795,1.7596,21.42,100.096,10,0.9692,3.67,18.06,6.5625,83
4.666666667,13.6,0.38,1.7928,14.49,64.124,15,0.9697,3.61,29.24,9.0625,82
5.857142857,7.7,0.915,0.0664,17.01,56.304,20,0.9655,4.08,19.135,10.625,79
5.571428571,11.6,0.52,2.1912,18.585,90.712,15,0.967,3.74,16.125,9.0625,81
4.952380952,13.0,0.53,2.1912,19.53,85.238,13,0.97,3.65,18.275,7.1875,80
4.761904762,13.9,0.715,2.1912,36.54,64.906,10,0.9722,3.57,15.695,13.125,81
4.761904762,13.9,0.715,2.1912,36.54,64.906,10,0.9722,3.57,15.695,13.125,84
5.714285714,10.5,0.37,1.7596,15.12,57.868,9,0.9662,3.7,24.295,5.625,83
5.619047619,12.6,0.64,2.3572,27.72,96.968,9,0.9684,3.51,17.845,4.6875,83
5.714285714,10.5,0.37,1.7596,15.12,57.868,9,0.9662,3.7,24.295,5.625,78
4.761904762,10.7,0.48,1.0292,15.75,75.072,19,0.9682,3.69,15.05,15.3125,83
6.19047619,13.1,0.47,2.5232,26.46,51.612,10,0.9704,3.72,12.9,11.875,81
5.1428571430000005,13.1,0.49,2.1912,18.9,72.726,15,0.9696,3.68,13.545,9.375,79
5.571428571,11.0,0.5,1.7596,42.21,75.854,9,0.9686,3.77,17.63,5.9375,79
5.619047619,10.6,0.66,1.0956,15.12,69.598,38,0.9672,3.78,15.695,20.9375,81
5.857142857,7.7,0.94,0.0996,14.49,46.13800000000001,35,0.9652,4.02,12.04,15.0,81
5.2380952380000005,11.6,0.34,1.5604,13.23,51.612,9,0.9678,3.65,19.35,7.5,80
5.857142857,7.7,0.94,0.0996,14.49,46.13800000000001,35,0.9652,4.02,12.04,15.0,79
5.2380952380000005,11.6,0.34,1.5604,13.23,51.612,9,0.9678,3.65,19.35,7.5,80
5.333333333,16.7,0.785,2.5232,23.31,78.2,9,0.9732,3.45,14.62,13.4375,82
5.523809524,11.1,0.54,1.6268,17.01,60.214,14,0.9663,3.73,13.545,5.9375,81
5.952380952,6.4,0.67,0.0332,10.71,42.228,8,0.9634,4.07,18.06,8.4375,84
5.333333333,11.5,0.43,2.0916,17.64,65.688,8,0.9698,3.76,15.91,6.875,82
5.333333333,11.5,0.43,2.0916,17.64,65.688,8,0.9698,3.76,15.91,6.875,78
5.1428571430000005,12.7,0.42,1.826,17.64,63.342,38,0.9702,3.82,19.78,20.9375,82
6.333333333,10.3,0.51,1.66,15.75,43.01,15,0.9652,3.84,16.985,7.8125,83
6.380952381,10.0,0.5,1.6932,16.38,40.664,16,0.965,3.82,19.35,8.4375,83
5.714285714,11.5,0.54,2.4236,41.265,57.868,41,0.969,3.67,18.275,23.75,84
5.714285714,11.5,0.54,2.4236,41.265,57.868,41,0.969,3.67,18.275,23.75,82
5.19047619,11.6,0.36,1.5604,11.97,60.996,9,0.9676,3.68,22.36,7.5,84
5.1428571430000005,11.6,0.34,1.3944,11.34,60.214,9,0.9676,3.71,22.575,6.875,83
5.952380952,11.3,0.59,2.0916,18.27,56.304,13,0.9668,3.66,16.77,8.125,83
5.1428571430000005,11.5,0.34,1.5272,11.34,58.65,9,0.9676,3.75,21.93,6.5625,83
5.428571429,14.4,0.39,2.49,17.64,65.688,26,0.9686,3.54,14.62,13.4375,80
5.619047619,11.6,0.61,2.1248,15.12,83.67399999999998,9,0.9673,3.59,14.19,4.6875,82
5.619047619,11.6,0.61,2.1248,15.12,83.67399999999998,9,0.9673,3.59,14.19,4.6875,84
5.714285714,14.0,0.45,1.6268,36.54,51.612,8,0.9714,3.7,14.19,10.9375,78
4.714285714,13.1,0.38,1.6268,11.97,57.868,13,0.9676,3.48,14.19,6.5625,79
5.095238095,12.9,0.43,1.6268,21.42,72.726,57,0.9702,3.8,16.34,25.0,83
5.0476190480000005,12.2,0.41,1.6268,17.01,73.508,19,0.9686,3.62,21.93,14.6875,79
5.0,11.3,0.39,1.6268,16.38,46.13800000000001,8,0.9676,3.55,15.91,4.0625,83
5.80952381,10.5,0.51,1.5936,28.98,56.304,13,0.9673,3.84,16.985,6.25,83
4.857142857,8.8,1.015,0.3984,13.86,111.826,10,0.9664,3.85,13.975,7.1875,82
4.80952381,8.9,0.74,0.332,37.8,89.93,8,0.9684,3.87,14.835,3.4375,82
5.333333333,9.8,0.58,0.996,17.64,51.612,13,0.9664,3.83,14.405,8.75,80
5.0,13.1,0.6,1.9588,8.82,57.08600000000001,26,0.968,3.42,14.62,13.125,79
5.1428571430000005,10.4,0.47,1.4608,10.08,29.716,24,0.96526,3.74,17.415,13.125,80
6.142857143,6.2,0.685,0.0,10.71,34.408,17,0.96264,4.06,20.21,26.875,78
6.095238095,9.3,0.38,1.328,15.12,40.664,7,0.96356,3.83,15.05,3.125,82
5.952380952,9.5,0.35,1.2948,12.6,32.062,7,0.96386,3.77,15.265,3.125,80
6.095238095,9.3,0.38,1.328,15.12,40.664,7,0.96356,3.83,15.05,3.125,80
6.666666667,6.0,0.52,0.0,13.23,37.536,19,0.96154,4.21,15.91,13.125,81
5.2380952380000005,8.6,0.37,1.1288,14.49,39.1,7,0.9651,3.9,13.76,2.5,80
5.571428571,7.8,0.38,0.9296,15.12,9.384,39,0.96064,3.76,8.385,31.25,80
5.571428571,7.8,0.38,0.9296,15.12,9.384,39,0.96064,3.76,8.385,31.25,80
5.333333333,11.2,0.41,1.162,10.08,58.65,12,0.96672,3.74,17.845,8.75,82
5.761904762,12.2,0.52,1.5604,16.695,66.47,12,0.96736,3.74,16.555,10.625,79
5.571428571,8.7,0.835,0.0664,15.75,55.522,13,0.96538,4.01,15.265,4.375,80
5.380952381,9.3,0.36,1.1288,15.75,57.08600000000001,19,0.96594,3.9,16.77,14.6875,81
5.0476190480000005,12.8,0.38,1.5604,10.71,42.228,20,0.96686,3.65,14.405,10.0,80
5.285714286,10.2,0.31,1.2284,10.08,52.394,9,0.96552,3.73,12.47,3.125,84
5.619047619,11.5,0.48,1.5272,13.23,81.328,9,0.96664,3.62,13.975,3.125,78
5.619047619,9.9,0.41,1.328,17.64,85.238,10,0.96614,3.81,16.985,5.0,79
5.761904762,11.8,0.62,1.2616,16.38,51.612,32,0.96577,3.65,16.985,17.5,80
5.952380952,9.4,0.41,1.2948,15.12,60.996,20,0.96444,3.81,16.555,13.4375,79
5.952380952,9.4,0.41,1.2948,15.12,60.996,20,0.96444,3.81,16.555,13.4375,81
5.1428571430000005,8.5,0.735,0.332,15.12,62.56,19,0.96736,4.08,14.835,10.3125,80
5.1428571430000005,8.5,0.735,0.332,15.12,62.56,19,0.96736,4.08,14.835,10.3125,80
5.1428571430000005,7.9,0.69,0.1992,37.8,46.92,14,0.9662,3.91,12.685,5.625,78
5.1428571430000005,7.9,0.69,0.1992,37.8,46.92,14,0.9662,3.91,12.685,5.625,84
5.80952381,10.5,0.495,1.5272,28.98,73.508,6,0.96639,3.77,13.76,3.125,83
5.2380952380000005,9.7,0.32,1.1952,11.97,50.048,56,0.96604,3.97,18.705,24.0625,78
5.714285714,9.8,0.43,1.2616,20.79,49.26600000000001,13,0.96468,3.8,15.695,5.9375,78
6.142857143,8.3,0.48,1.2616,17.64,53.176,26,0.96356,3.84,15.48,13.125,83
5.904761905,10.7,0.43,1.7264,13.86,57.868,16,0.96509,3.86,16.34,7.8125,81
5.952380952,11.0,0.37,1.6268,31.5,64.124,12,0.96484,3.69,11.18,5.3125,83
4.761904762,11.2,0.53,1.328,16.38,71.944,16,0.96834,3.72,13.76,16.25,84
4.619047619,10.9,0.6,1.1288,14.49,73.508,13,0.96864,3.74,12.9,14.0625,83
5.761904762,9.4,0.4,1.6268,23.94,70.38,14,0.96498,3.77,13.76,7.5,83
5.285714286,11.3,0.54,1.3944,12.6,55.522,10,0.96566,3.64,16.985,6.25,84
5.714285714,11.3,0.54,1.9256,25.83,71.944,14,0.96745,3.79,21.285,7.5,83
5.904761905,9.4,0.38,1.5936,13.23,72.726,9,0.96408,3.76,13.33,3.75,82
5.666666667,10.0,0.22,1.494,11.34,58.65,13,0.96552,3.91,16.34,6.5625,78
5.666666667,10.0,0.22,1.494,11.34,58.65,13,0.96552,3.91,16.34,6.5625,81
5.666666667,10.0,0.22,1.494,11.34,58.65,13,0.96552,3.91,16.34,6.5625,79
5.904761905,9.4,0.38,1.5936,13.23,72.726,9,0.96408,3.76,13.33,3.75,82
5.333333333,9.3,0.41,1.328,13.86,45.356,9,0.96536,3.81,14.62,3.125,80
5.761904762,11.3,0.44,1.5936,13.23,40.664,8,0.96458,3.7,14.835,2.8125,78
5.380952381,7.5,0.67,0.3984,14.49,93.84,28,0.96519,3.97,15.265,11.25,84
5.666666667,10.1,0.48,1.3612,15.12,80.546,9,0.96604,3.63,12.47,3.125,80
5.523809524,11.2,0.48,1.66,15.12,81.328,9,0.96643,3.72,13.975,4.0625,81
5.761904762,9.9,0.43,1.3612,37.17,57.08600000000001,10,0.96658,3.8,13.33,4.0625,82
5.380952381,8.1,0.5,1.0624,22.68,47.702,12,0.96416,3.78,10.535,9.0625,82
5.428571429,10.9,0.44,1.2948,8.82,51.612,6,0.9647,3.69,11.825,2.1875,79
6.095238095,6.7,0.76,0.0,13.86,68.03399999999999,6,0.96378,4.21,13.545,3.4375,79
6.095238095,6.7,0.76,0.0,13.86,68.03399999999999,6,0.96378,4.21,13.545,3.4375,78
5.476190476,8.6,0.53,0.996,13.86,48.484,9,0.96495,3.94,15.48,3.75,80
5.0476190480000005,11.0,0.45,1.2616,9.45,45.356,34,0.96676,3.76,17.63,14.6875,83
5.571428571,10.2,0.39,1.0956,12.915,49.26600000000001,16,0.96516,3.76,18.06,8.4375,84
6.095238095,7.9,0.46,1.0624,11.34,52.394,7,0.9628,3.86,11.825,2.5,83
6.095238095,7.9,0.46,1.0624,11.34,52.394,7,0.9628,3.86,11.825,2.5,78
5.571428571,10.2,0.39,1.0956,12.915,49.26600000000001,16,0.96516,3.76,18.06,8.4375,78
5.571428571,10.2,0.4,1.1288,12.6,50.048,15,0.96516,3.76,18.06,7.8125,84
5.714285714,10.0,0.45,1.328,22.68,86.02,15,0.96549,3.73,15.05,7.5,79
5.857142857,10.0,0.38,1.494,10.71,52.394,10,0.96354,3.75,11.825,3.75,80
6.0,10.0,0.48,1.328,13.86,53.176,15,0.96486,3.77,16.125,8.75,80
5.0,8.8,0.68,0.0332,11.34,68.816,15,0.96568,3.82,12.04,5.625,83
5.0,8.8,0.68,0.0332,11.34,68.816,15,0.96568,3.82,12.04,5.625,84
5.476190476,8.2,0.69,0.0,13.23,71.16199999999998,12,0.96488,3.92,11.825,4.375,81
5.2380952380000005,8.4,0.65,0.0332,11.34,72.726,12,0.96514,3.85,12.47,4.6875,79
5.0476190480000005,11.2,0.47,1.1288,15.12,66.47,8,0.96683,3.67,13.975,5.3125,81
5.952380952,8.7,0.41,1.1288,15.75,64.124,29,0.96356,3.72,12.685,10.9375,79
6.0,9.8,0.51,1.3612,39.06,60.996,28,0.9653,3.74,16.555,13.125,78
5.19047619,10.6,0.49,1.3612,56.07,53.958,21,0.96859,3.79,17.415,12.1875,78
6.047619048,9.4,0.43,1.3944,14.49,54.74,12,0.96426,3.88,16.555,6.25,84
5.761904762,10.0,0.58,1.7596,25.2,78.982,6,0.96586,3.71,12.685,3.125,81
5.523809524,11.0,0.63,1.8924,15.12,72.726,33,0.9671,3.69,16.34,16.25,82
5.761904762,10.0,0.58,1.7596,25.2,78.982,6,0.96586,3.71,12.685,3.125,84
5.952380952,7.7,0.62,0.2656,15.12,54.74,16,0.96358,3.9,15.48,8.125,82
5.19047619,12.2,0.41,1.7596,13.86,46.92,6,0.96572,3.52,17.845,3.125,82
5.19047619,12.2,0.41,1.7596,13.86,46.92,6,0.96572,3.52,17.845,3.125,80
5.285714286,10.4,0.43,1.494,9.45,44.574,22,0.96498,3.68,19.135,11.5625,82
4.857142857,10.2,0.35,1.1288,12.6,55.522,48,0.96769,3.94,18.49,20.9375,79
5.857142857,9.0,0.4,2.2576,52.29,39.1,41,0.96316,3.51,10.965,86.875,82
5.857142857,9.0,0.4,2.2576,52.29,39.1,41,0.96316,3.51,10.965,90.3125,78
5.523809524,9.6,0.44,1.328,29.61,43.01,6,0.96738,3.88,14.19,2.8125,80
4.714285714,12.7,0.51,1.7928,9.45,74.29,25,0.96735,3.52,16.34,12.8125,81
4.714285714,12.7,0.51,1.7928,9.45,74.29,25,0.96735,3.52,16.34,12.8125,82
5.714285714,10.3,0.41,1.1952,13.86,61.778,14,0.96615,3.83,18.49,9.6875,80
5.952380952,9.1,0.41,1.494,13.23,168.912,8,0.96358,3.65,17.415,5.0,78
5.571428571,10.2,0.4,1.3612,12.6,53.176,13,0.96523,3.77,18.275,7.5,80
5.857142857,6.5,0.52,0.8964,12.6,71.944,26,0.96471,4.28,13.76,17.1875,81
5.380952381,9.9,0.34,1.162,10.71,43.01,16,0.96394,3.64,12.685,8.4375,79
6.476190476,8.5,0.46,1.1288,11.34,58.65,21,0.9633,3.88,18.92,11.875,84
5.333333333,8.3,0.58,0.2324,34.65,69.598,13,0.96684,3.87,14.62,5.625,81
5.619047619,9.6,0.38,1.162,10.71,47.702,9,0.96524,3.8,15.91,4.6875,80
5.619047619,11.1,0.51,1.494,39.06,55.522,9,0.96702,3.71,10.535,4.375,83
6.095238095,9.3,0.43,1.0624,17.64,52.394,7,0.96473,3.8,16.34,3.75,80
5.619047619,9.6,0.28,1.6932,11.025,55.522,48,0.96524,3.83,16.34,27.5,80
6.142857143,6.2,0.61,0.5976,13.23,32.844,19,0.9624,3.96,18.705,31.5625,83
5.285714286,11.7,0.46,1.8924,14.49,68.03399999999999,9,0.96676,3.64,15.48,6.25,78
5.619047619,9.6,0.42,1.3944,14.49,58.65,15,0.96434,3.64,15.265,5.9375,84
5.904761905,9.3,0.43,1.2948,15.75,57.868,32,0.96528,3.82,18.92,15.0,82
6.047619048,8.2,0.76,0.0,15.12,40.664,9,0.96318,3.85,14.19,3.4375,82
5.904761905,8.3,0.35,1.2284,15.75,49.26600000000001,14,0.96439,4.02,17.2,12.8125,80
5.333333333,9.0,0.44,1.1952,11.97,50.83,8,0.96419,3.77,11.61,3.125,82
5.2380952380000005,8.3,0.46,1.5272,13.23,57.868,27,0.96534,3.9,18.275,13.75,81
5.2380952380000005,8.3,0.46,1.5272,13.23,57.868,27,0.96534,3.9,18.275,13.75,82
5.2380952380000005,8.3,0.46,1.5272,13.23,57.868,27,0.96534,3.9,18.275,13.75,78
5.2380952380000005,8.3,0.46,1.5272,13.23,57.868,27,0.96534,3.9,18.275,13.75,80
5.333333333,7.3,0.49,1.4276,12.6,55.522,17,0.96428,3.95,18.705,7.5,81
6.476190476,6.2,0.52,0.0,11.34,34.408,21,0.96157,4.18,15.695,27.5,81
5.476190476,10.9,0.4,1.2948,10.71,48.484,6,0.9648,3.64,12.255,2.8125,79
5.2380952380000005,10.2,0.46,1.2948,11.34,46.92,24,0.96495,3.68,17.63,17.1875,81
4.857142857,8.1,0.7,0.3984,13.86,64.906,16,0.9666,4.02,13.33,8.75,82
5.380952381,8.8,0.38,0.996,12.6,48.484,21,0.9652,3.78,19.35,10.625,83
5.904761905,9.2,0.39,1.1952,13.86,37.536,38,0.965,3.77,21.715,16.5625,79
5.761904762,8.4,0.44,1.0956,15.75,50.048,24,0.9652,3.85,16.555,11.5625,80
4.80952381,7.2,0.5,0.5312,11.34,53.958,14,0.9655,3.92,15.91,7.8125,81
5.380952381,8.3,0.47,1.0624,12.6,48.484,18,0.9647,3.73,15.695,8.75,84
5.380952381,8.3,0.47,1.0624,12.6,48.484,18,0.9647,3.73,15.695,8.75,81
5.2380952380000005,8.9,0.42,1.4608,17.01,81.328,11,0.96732,3.83,16.77,5.3125,83
5.523809524,7.7,0.68,0.0664,12.6,48.484,40,0.96374,3.85,16.34,16.5625,82
5.666666667,9.0,0.3,1.162,10.71,42.228,10,0.96458,3.82,17.2,4.6875,84
4.761904762,8.4,0.58,1.0624,13.23,48.484,34,0.96728,3.8,13.975,16.875,83
4.761904762,8.4,0.58,1.0624,13.23,48.484,34,0.96728,3.8,13.975,16.875,78
6.46031746,6.4,0.57,0.3652,13.86,37.536,19,0.96182,4.04,18.92,27.8125,84
6.476190476,6.4,0.57,0.3652,13.86,37.536,19,0.96182,4.04,18.92,27.8125,79
4.761904762,7.5,0.41,0.2988,8.82,51.612,18,0.96459,3.92,15.05,8.75,81
5.571428571,7.7,0.66,0.4648,15.12,50.048,16,0.96397,3.92,13.33,9.0625,84
5.19047619,8.5,0.35,0.9628,13.86,42.228,22,0.96666,3.9,16.34,15.3125,82
5.333333333,9.5,0.47,1.4276,14.49,49.26600000000001,15,0.9655,3.67,17.415,5.9375,84
5.023809524,8.1,0.66,0.5644,10.71,50.83,18,0.96514,3.94,14.62,7.5,83
5.523809524,7.8,0.42,1.4608,15.12,47.702,27,0.96484,3.79,17.2,10.625,83
4.666666667,12.3,0.38,1.8592,11.97,58.65,20,0.968,3.66,12.47,18.75,70
4.380952381,9.0,0.42,1.6932,11.34,266.66200000000003,20,0.9669,3.54,23.22,17.5,69
4.476190476,10.0,0.32,1.5936,11.34,60.214,32,0.9668,3.89,11.395,18.75,74
4.619047619,8.0,0.5,0.4648,15.12,66.47,24,0.9668,3.93,13.545,12.5,68
4.666666667,8.9,0.745,0.0,12.6,64.124,11,0.9664,3.88,12.685,5.0,68
5.0476190480000005,8.0,0.785,0.0,15.75,82.11,25,0.9666,3.96,12.255,11.5625,72
4.476190476,8.0,0.705,0.3984,67.41,57.08600000000001,43,0.9693,3.95,11.18,25.9375,71
4.571428571,8.9,0.745,0.0,34.65,67.252,8,0.9686,3.9,11.825,5.625,73
5.1428571430000005,8.9,0.7,0.4648,15.12,67.252,6,0.9675,3.92,12.9,4.6875,72
5.0,8.6,0.59,0.664,16.38,259.624,11,0.9668,3.71,19.35,4.375,69
4.476190476,7.7,0.62,0.1328,13.86,53.958,11,0.9656,3.9,13.545,4.6875,74
4.476190476,7.7,0.6,0.1328,13.23,53.176,9,0.9655,3.89,13.76,4.375,69
4.857142857,8.7,0.61,0.498,17.64,86.02,36,0.9655,3.67,13.545,22.8125,74
4.476190476,8.4,0.49,1.0292,15.12,57.868,12,0.9662,3.91,11.61,14.375,72
5.0,9.1,0.805,0.166,11.97,57.868,11,0.9662,3.84,20.425,5.9375,71
4.523809524,8.8,0.73,0.2656,11.97,59.432,18,0.9667,3.82,11.61,8.4375,73
5.095238095,7.9,0.885,0.0,15.12,81.328,17,0.9666,4.02,11.825,9.375,73
4.904761905,7.4,0.4,1.5936,11.34,53.958,21,0.9659,3.94,16.77,19.0625,68
4.714285714,9.7,0.59,0.9296,11.97,86.02,23,0.9672,3.43,41.925,42.5,73
4.714285714,9.7,0.59,0.9296,11.97,86.02,23,0.9672,3.43,41.925,42.5,73
6.142857143,5.8,0.7,0.5644,14.49,45.356,20,0.9632,4.35,12.9,33.125,68
4.285714286,9.2,0.645,0.5976,11.97,62.56,16,0.9672,3.8,12.685,10.9375,70
4.857142857,9.4,0.71,0.996,13.23,65.688,14,0.9672,3.9,13.115,15.625,70
4.952380952,8.9,0.6,0.996,11.97,58.65,11,0.9659,3.81,12.04,6.875,74
4.285714286,9.2,0.645,0.5976,11.97,62.56,16,0.9672,3.8,12.685,10.9375,69
4.571428571,9.1,0.43,1.7596,15.75,71.16199999999998,21,0.9676,3.87,17.2,25.0,73
4.619047619,11.2,0.41,1.4608,14.49,62.56,25,0.9688,3.82,14.405,14.375,72
5.0,10.5,0.5,1.0292,13.86,70.38,16,0.9666,3.57,13.545,19.375,74
4.761904762,9.4,0.64,0.9296,11.97,60.214,14,0.9678,3.89,13.115,12.5,69
4.476190476,8.9,0.66,0.3984,12.6,64.124,10,0.967,3.87,10.75,8.75,72
5.19047619,9.9,0.65,0.1328,13.86,93.058,17,0.9662,3.71,12.9,17.5,73
4.380952381,8.1,0.79,0.2656,11.34,75.854,25,0.9659,3.84,11.61,27.8125,68
5.19047619,9.9,0.65,0.1328,13.86,93.058,17,0.9662,3.71,12.9,17.5,69
4.666666667,7.7,0.6,0.0332,9.45,46.92,20,0.9652,3.9,12.47,8.125,73
4.714285714,9.0,1.14,0.166,13.86,65.688,16,0.9659,3.72,11.825,9.0625,70
6.666666667,6.3,0.44,0.0,11.34,39.1,30,0.9616,4.18,16.985,19.6875,68
6.666666667,6.3,0.44,0.0,11.34,39.1,30,0.9616,4.18,16.985,19.6875,68
4.857142857,8.0,0.59,0.332,14.49,57.868,15,0.9659,3.92,12.47,9.375,70
5.0,9.3,0.5,1.4608,17.64,69.598,14,0.9675,4.03,13.115,13.4375,73
4.904761905,8.4,0.43,1.5604,13.23,60.214,8,0.9658,3.83,11.395,3.4375,72
4.428571429,7.9,0.7,0.5976,11.97,61.778,21,0.9668,4.09,12.255,26.875,69
4.761904762,8.9,0.63,0.1328,10.71,59.432,20,0.9664,3.83,12.04,9.6875,71
4.952380952,7.9,0.73,0.2324,13.23,69.598,14,0.9653,3.97,11.825,13.75,69
4.380952381,9.1,0.52,0.5644,12.6,57.08600000000001,9,0.9672,3.79,13.115,5.625,68
4.380952381,9.1,0.52,0.5644,12.6,57.08600000000001,9,0.9672,3.79,13.115,5.625,74
5.476190476,8.5,0.72,0.166,11.97,53.176,27,0.9661,3.92,12.255,13.125,74
5.0,8.6,0.62,1.3944,14.49,68.03399999999999,11,0.9672,4.08,13.115,11.875,71
4.428571429,7.8,0.72,0.6972,11.97,61.778,11,0.967,4.02,12.47,19.375,70
4.666666667,7.5,0.47,0.83,11.97,57.868,24,0.9674,4.07,13.33,15.3125,68
4.80952381,12.6,0.4,1.992,12.6,52.394,15,0.9681,3.61,20.855,8.4375,69
4.380952381,8.1,0.53,1.1952,10.08,69.598,17,0.96615,3.84,12.04,11.5625,72
5.904761905,10.8,0.63,1.992,12.6,30.498,8,0.96585,3.8,18.49,5.9375,73
4.761904762,9.1,0.825,0.7968,17.64,64.906,13,0.96685,3.85,12.04,19.375,69
4.857142857,12.7,0.54,2.1248,13.23,46.13800000000001,8,0.968,3.71,14.405,4.6875,71
4.666666667,8.9,0.835,0.2656,15.12,71.944,13,0.9674,3.74,15.265,12.8125,74
4.476190476,8.9,0.44,1.2284,12.6,64.124,27,0.9664,3.84,12.685,18.125,74
4.761904762,9.7,0.745,0.83,12.6,64.906,11,0.96815,3.78,12.9,8.75,71
5.0,8.8,0.53,0.83,16.38,57.08600000000001,32,0.96615,3.87,12.47,19.6875,72
4.523809524,10.0,0.69,1.66,12.6,263.534,30,0.9664,3.54,34.615,25.3125,72
5.0,8.8,0.53,0.83,16.38,57.08600000000001,32,0.96615,3.87,12.47,19.6875,73
4.714285714,9.1,0.48,0.1992,11.34,60.996,15,0.96625,3.87,11.18,15.3125,69
4.571428571,9.6,0.47,0.664,17.64,70.38,21,0.968,3.84,15.05,18.125,68
4.285714286,9.3,1.1,0.2988,14.49,50.83,10,0.96685,3.82,11.825,11.5625,72
4.285714286,8.3,0.73,0.0,11.97,75.854,17,0.96675,3.87,12.47,11.875,71
4.285714286,8.3,0.73,0.0,11.97,75.854,17,0.96675,3.87,12.47,11.875,69
4.380952381,8.3,0.745,0.0,11.97,75.854,18,0.96675,3.87,12.47,12.1875,74
4.285714286,8.3,0.73,0.0,11.97,75.854,17,0.96675,3.87,12.47,11.875,70
4.285714286,9.3,1.1,0.2988,14.49,50.83,10,0.96685,3.82,11.825,11.5625,73
5.19047619,13.1,0.48,1.8592,13.23,72.726,9,0.96925,3.64,15.265,7.5,72
4.666666667,8.8,0.68,0.332,11.34,79.764,31,0.96565,3.58,10.535,34.0625,71
4.714285714,8.4,0.76,0.0,12.6,65.688,9,0.9683,4.11,20.64,7.1875,68
4.666666667,8.8,0.63,0.1992,10.71,57.868,12,0.96615,3.85,10.32,12.1875,72
4.714285714,8.4,0.76,0.0,12.6,65.688,9,0.9683,4.11,20.64,7.1875,74
4.761904762,11.9,0.42,1.4608,10.08,49.26600000000001,19,0.9685,3.72,16.77,11.5625,71
4.714285714,8.2,0.7,0.0,11.34,57.868,19,0.9672,3.97,15.05,10.625,68
4.714285714,8.2,0.7,0.0,11.34,57.868,19,0.9672,3.97,15.05,10.625,71
4.476190476,8.0,0.64,0.1328,18.9,60.214,10,0.9687,4.19,19.565,8.4375,70
4.80952381,12.6,0.28,1.6932,25.2,81.328,7,0.9696,3.78,20.855,7.1875,69
5.095238095,9.0,0.645,0.1992,25.2,68.03399999999999,30,0.9665,3.86,14.405,19.0625,69
4.80952381,12.6,0.28,1.6932,25.2,81.328,7,0.9696,3.78,20.855,7.1875,74
5.095238095,9.0,0.645,0.1992,25.2,68.03399999999999,30,0.9665,3.86,14.405,19.0625,70
4.476190476,8.0,0.64,0.1328,18.9,60.214,10,0.9687,4.19,19.565,8.4375,71
4.80952381,12.6,0.28,1.6932,25.2,81.328,7,0.9696,3.78,20.855,7.1875,68
4.428571429,12.5,0.36,1.4608,22.68,55.522,9,0.9686,3.62,17.63,5.9375,71
4.904761905,13.1,0.55,1.826,12.6,57.08600000000001,28,0.9697,3.6,16.34,15.3125,72
4.904761905,8.6,0.5,0.3984,18.9,71.944,32,0.9667,3.87,15.05,16.5625,69
4.904761905,11.5,0.65,0.7636,17.01,71.16199999999998,21,0.9694,3.72,13.76,15.0,68
4.80952381,8.0,0.46,0.83,15.12,76.63600000000002,8,0.9664,3.91,12.9,5.0,72
4.523809524,14.4,0.44,1.7264,20.16,73.508,20,0.9714,3.55,17.415,16.5625,73
5.095238095,8.6,0.63,0.1992,16.38,67.252,23,0.9665,3.88,12.685,13.75,71
4.80952381,12.2,0.28,1.5936,9.45,53.176,10,0.9673,3.72,13.76,4.6875,70
4.428571429,11.4,0.63,1.5936,15.75,49.26600000000001,9,0.9698,3.62,12.685,7.8125,71
4.523809524,11.4,0.51,1.3944,15.12,166.56599999999997,9,0.9694,3.69,13.33,4.375,73
4.523809524,11.4,0.53,1.4608,15.12,167.34799999999996,8,0.9694,3.69,13.545,3.75,71
4.523809524,8.5,0.39,1.2616,10.71,48.484,12,0.9668,3.91,11.395,9.375,73
4.428571429,11.4,0.63,1.5936,15.75,49.26600000000001,9,0.9698,3.62,12.685,7.8125,68
4.476190476,9.0,0.63,0.7968,12.6,56.304,18,0.966,3.77,11.61,32.8125,71
4.523809524,10.1,0.56,1.0292,17.64,72.726,22,0.96815,3.82,13.545,30.625,73
5.2380952380000005,8.2,0.45,0.9628,15.75,75.072,23,0.9662,3.92,13.975,16.5625,71
4.952380952,10.7,0.87,0.3984,18.27,64.124,33,0.96865,3.8,13.76,23.125,72
4.952380952,10.7,0.87,0.3984,18.27,64.124,33,0.96865,3.8,13.76,23.125,72
4.523809524,11.4,0.69,1.3944,17.64,70.38,38,0.969,3.78,15.05,22.8125,73
4.380952381,11.1,0.59,0.664,69.3,55.522,16,0.9715,3.66,14.835,15.625,74
4.380952381,11.1,0.59,0.664,69.3,55.522,16,0.9715,3.66,14.835,15.625,72
4.619047619,14.5,0.37,2.0584,16.38,64.124,9,0.9702,3.66,14.405,6.5625,71
5.952380952,11.3,0.46,2.1248,18.27,95.404,13,0.968,3.73,14.19,12.8125,73
5.952380952,11.3,0.46,2.1248,18.27,95.404,13,0.968,3.73,14.19,12.8125,68
4.476190476,9.1,0.68,0.9296,20.16,51.612,24,0.9673,3.72,11.61,35.625,73
5.952380952,10.0,0.53,1.494,11.97,40.664,9,0.9648,3.85,15.05,5.0,72
5.476190476,13.5,0.59,1.9256,18.9,80.546,31,0.9708,3.66,21.5,30.9375,69
4.380952381,13.3,0.44,1.66,15.12,51.612,13,0.97,3.62,25.37,6.5625,70
5.380952381,11.7,0.52,1.5936,17.01,50.83,8,0.9672,3.71,18.705,5.625,69
4.666666667,12.0,0.49,1.5604,11.34,92.276,9,0.9682,3.8,16.125,4.375,72
4.666666667,12.0,0.49,1.5604,11.34,92.276,9,0.9682,3.8,16.125,4.375,71
5.095238095,13.0,0.67,1.66,16.38,64.124,9,0.9706,3.62,16.77,10.0,72
5.714285714,14.9,0.59,2.2244,18.9,72.726,9,0.9686,3.52,19.995,4.6875,68
4.761904762,10.7,0.66,1.0292,17.64,69.598,18,0.9679,3.61,19.78,14.375,70
4.476190476,10.2,0.885,0.0,16.38,72.726,14,0.9694,3.86,18.49,8.75,74
4.714285714,11.8,0.77,0.7304,17.01,83.67399999999998,20,0.9704,3.78,21.07,10.625,69
4.476190476,10.2,0.895,0.0,16.38,75.072,14,0.9694,3.85,17.845,8.125,69
5.666666667,7.2,0.31,1.328,8.82,51.612,43,0.9612,3.75,12.685,51.5625,73
6.095238095,7.8,0.85,0.0332,15.12,60.996,20,0.9655,4.05,13.115,10.0,72
4.666666667,13.7,0.48,2.1912,16.38,68.816,13,0.971,3.67,14.62,12.8125,72
4.714285714,9.7,0.55,1.0292,16.38,67.252,24,0.9682,3.87,19.565,15.625,70
5.619047619,11.1,0.52,1.66,21.42,83.67399999999998,10,0.9679,3.76,19.995,6.5625,71
4.1428571430000005,9.0,0.34,1.328,10.08,43.792,14,0.9667,3.82,18.705,7.8125,70
5.0476190480000005,10.2,0.38,1.5936,11.34,52.394,29,0.9667,3.82,22.36,14.375,68
5.1428571430000005,15.1,0.51,2.0916,23.94,69.598,9,0.9714,3.51,17.415,14.6875,69
5.2380952380000005,12.6,0.55,1.66,18.9,60.996,22,0.9703,3.76,23.865,14.6875,68
6.333333333,12.5,0.725,2.1912,39.06,68.816,9,0.9688,3.61,21.285,7.5,71
5.1428571430000005,9.4,0.52,1.2616,15.75,73.508,27,0.9679,3.81,15.05,18.75,71
4.476190476,9.4,0.36,1.3944,12.6,62.56,14,0.9674,3.71,17.2,8.4375,71
4.761904762,14.8,0.515,2.2576,18.27,66.47,20,0.9714,3.56,17.2,13.4375,70
4.476190476,9.4,0.36,1.3944,12.6,62.56,14,0.9674,3.71,17.2,8.4375,74
4.476190476,9.4,0.36,1.3944,12.6,62.56,14,0.9674,3.71,17.2,8.4375,74
4.619047619,8.5,0.73,0.2324,15.12,70.38,14,0.9679,3.93,16.34,11.5625,70
4.380952381,8.9,0.64,0.8632,12.6,68.816,26,0.9681,3.91,15.91,15.0,68
4.571428571,9.4,0.76,0.498,11.97,61.778,20,0.9672,3.81,11.61,13.125,72
4.380952381,8.9,0.56,0.8632,11.97,68.816,26,0.9681,3.93,15.91,16.5625,74
4.761904762,14.8,0.515,2.2576,18.27,66.47,20,0.9714,3.56,17.2,13.4375,70
5.2380952380000005,12.6,0.69,1.9588,16.38,68.03399999999999,16,0.9688,3.68,13.975,15.3125,72
5.2380952380000005,12.6,0.69,1.9588,16.38,68.03399999999999,16,0.9688,3.68,13.975,15.3125,73
5.1428571430000005,8.8,0.36,0.996,10.71,46.13800000000001,23,0.9649,3.79,10.105,11.875,74
5.0,13.3,0.58,1.7928,16.38,66.47,22,0.97,3.6,13.115,20.0,68
5.0,12.5,0.7,1.6268,17.01,66.47,13,0.9694,3.65,13.545,12.8125,72
4.80952381,9.8,0.41,1.5272,8.82,46.13800000000001,14,0.9666,3.86,16.34,7.8125,71
5.1428571430000005,10.9,0.54,1.5604,15.75,49.26600000000001,12,0.9681,3.74,13.975,8.75,68
5.380952381,11.5,0.44,1.9256,23.31,136.06799999999998,9,0.967,3.69,15.05,5.0,70
4.523809524,10.1,0.53,1.1288,15.75,62.56,29,0.9687,3.88,13.33,26.875,68
5.571428571,11.7,0.58,2.1248,13.86,86.802,9,0.967,3.76,14.19,6.25,68
4.952380952,13.0,0.48,1.6932,12.6,94.622,10,0.9696,3.74,16.34,6.25,71
5.428571429,7.5,0.77,0.2656,13.23,35.19,22,0.9649,3.99,10.535,15.0,72
5.0476190480000005,10.6,0.88,0.7304,11.97,60.214,9,0.9688,3.76,12.04,10.0,73
4.952380952,13.9,0.94,2.0916,15.12,68.816,16,0.9697,3.6,12.9,10.9375,72
6.095238095,13.0,0.47,2.2908,14.49,60.996,15,0.9658,3.5,13.975,7.5,69
4.714285714,11.5,0.51,1.826,20.16,59.432,25,0.9696,3.65,19.135,16.875,69
4.857142857,9.1,0.77,0.996,12.6,46.92,41,0.9658,3.76,12.04,19.375,74
5.333333333,12.2,0.55,2.4236,20.16,51.612,9,0.9686,3.67,14.19,6.875,69
4.714285714,11.5,0.51,1.826,20.16,59.432,25,0.9696,3.65,19.135,16.875,73
5.380952381,13.0,0.5,2.158,13.545,53.176,10,0.9688,3.56,14.62,8.4375,74
4.80952381,10.6,0.835,0.332,13.23,61.778,9,0.9686,3.73,12.04,9.6875,70
4.857142857,9.7,0.63,0.7304,12.6,78.2,10,0.9667,3.7,12.04,8.4375,73
5.1428571430000005,13.0,0.49,2.2908,17.64,74.29,20,0.9694,3.6,13.115,10.9375,71
5.1428571430000005,13.0,0.49,2.2908,17.64,74.29,20,0.9694,3.6,13.115,10.9375,73
4.333333333,9.5,0.47,1.7596,11.34,322.966,12,0.9679,3.56,22.79,8.125,70
4.761904762,7.9,0.66,0.0996,10.71,65.688,21,0.9668,3.94,13.545,10.9375,70
5.380952381,10.3,0.53,1.7264,14.49,64.906,17,0.9676,3.85,13.115,7.1875,71
4.380952381,12.6,0.415,1.7928,13.23,65.688,8,0.9687,3.48,15.05,4.6875,71
5.476190476,11.4,0.6,1.3944,12.6,53.958,24,0.9682,3.66,15.48,15.9375,69
6.666666667,9.9,0.56,1.494,16.38,50.83,10,0.9647,3.82,16.985,5.625,74
4.380952381,12.5,0.46,2.2908,13.23,70.38,9,0.97,3.67,13.33,6.5625,68
5.428571429,10.7,0.64,1.3944,15.12,63.342,28,0.967,3.7,15.265,16.25,72
4.952380952,13.6,0.47,1.826,16.38,64.906,28,0.9695,3.65,17.63,21.25,74
4.476190476,11.6,0.38,1.6932,10.71,62.56,13,0.9682,3.7,19.135,7.5,69
5.2380952380000005,11.5,0.34,1.6268,11.34,58.65,9,0.9677,3.68,22.79,6.25,73
4.80952381,10.5,0.785,0.3652,17.01,60.214,9,0.9684,3.69,15.05,9.6875,68
6.380952381,11.7,0.54,2.2576,25.83,89.148,9,0.967,3.56,14.19,7.5,68
4.761904762,11.3,0.745,1.1952,11.34,41.44600000000001,8,0.9682,3.67,9.03,4.375,69
4.857142857,10.4,0.49,1.328,16.38,57.08600000000001,13,0.9684,3.84,16.125,8.125,68
5.0476190480000005,10.4,0.875,0.8964,17.64,60.996,27,0.9684,3.81,14.405,17.5,74
5.523809524,9.8,0.79,1.0292,18.9,67.252,26,0.9702,3.98,15.91,25.3125,69
5.761904762,7.6,0.49,0.7636,52.29,39.882,31,0.9652,3.94,11.825,28.4375,70
4.285714286,8.9,0.62,0.83,11.97,63.342,17,0.9684,3.93,13.975,11.875,74
5.523809524,9.8,0.79,1.0292,18.9,67.252,26,0.9702,3.98,15.91,25.3125,72
4.285714286,8.9,0.62,0.83,11.97,63.342,17,0.9684,3.93,13.975,11.875,71
4.523809524,12.3,0.77,1.826,14.49,65.688,9,0.97,3.67,15.265,4.0625,68
4.857142857,11.1,0.69,1.0292,13.86,70.38,29,0.9694,3.68,13.545,19.375,73
4.857142857,11.1,0.69,1.0292,13.86,70.38,29,0.9694,3.68,13.545,19.375,71
4.619047619,11.8,0.5,1.5936,13.23,97.75,18,0.968,3.53,17.415,15.3125,71
5.666666667,13.6,0.7,1.6268,27.09,78.2,8,0.971,3.75,15.91,4.375,72
5.571428571,12.0,0.31,1.6268,17.64,68.816,14,0.9672,3.72,14.62,10.0,73
4.761904762,10.9,0.35,1.6268,17.01,68.816,18,0.9682,3.92,19.35,10.3125,69
5.428571429,8.1,0.48,1.6268,15.75,75.854,36,0.9662,3.89,16.555,26.5625,72
4.1428571430000005,9.3,0.52,1.6268,16.38,65.688,35,0.9688,3.84,16.125,17.1875,70
4.904761905,10.2,0.32,0.7968,13.23,60.996,4,0.969,3.91,18.705,8.75,71
6.095238095,11.4,0.37,0.7968,13.23,56.304,18,0.9656,3.72,14.19,10.3125,70
4.761904762,11.1,0.58,0.7968,17.01,79.764,16,0.97,3.78,12.04,10.0,69
4.904761905,10.2,0.32,0.7968,13.23,60.996,4,0.969,3.91,18.705,8.75,73
5.095238095,9.2,0.925,0.7968,13.23,65.688,8,0.9672,3.87,16.555,4.0625,72
5.2380952380000005,10.6,0.56,1.6268,39.69,50.048,8,0.9688,3.71,15.695,5.3125,74
5.2380952380000005,12.3,0.76,0.7968,15.75,66.47,19,0.9693,3.56,15.48,16.5625,68
4.0,15.4,0.41,2.4568,11.34,58.65,9,0.9708,3.36,16.985,4.6875,69
4.523809524,8.6,0.65,0.7968,12.6,60.996,13,0.9683,3.95,16.77,8.75,70
5.095238095,11.7,0.41,1.6268,15.75,52.394,9,0.9687,3.76,18.49,6.5625,68
4.952380952,13.5,0.45,1.6268,16.38,61.778,30,0.9694,3.62,16.125,21.5625,74
4.476190476,10.1,0.63,1.6268,11.97,133.722,9,0.9675,3.77,13.115,7.8125,68
4.523809524,7.9,0.61,0.0332,13.23,57.868,12,0.9658,3.83,12.04,7.8125,72
4.761904762,10.5,0.53,0.7968,17.64,71.944,17,0.968,3.69,15.695,14.0625,74
4.761904762,10.6,0.56,0.7968,17.01,71.944,17,0.968,3.62,15.91,13.75,69
5.571428571,12.0,0.63,1.6268,28.98,92.276,13,0.9702,3.57,12.04,5.3125,69
5.571428571,12.0,0.63,1.6268,28.98,92.276,13,0.9702,3.57,12.04,5.3125,68
6.047619048,14.1,0.57,1.6268,27.09,66.47,9,0.9721,3.8,14.62,14.6875,71
4.80952381,8.7,0.39,1.6268,17.01,71.944,28,0.9671,3.81,13.115,18.75,69
6.047619048,14.1,0.57,1.6268,27.09,66.47,9,0.9721,3.8,14.62,14.6875,69
4.285714286,9.8,0.8,0.7968,15.75,176.732,8,0.9691,3.82,12.9,4.6875,72
4.285714286,9.8,0.8,0.7968,15.75,176.732,8,0.9691,3.82,12.9,4.6875,74
5.095238095,10.9,0.6,1.6268,16.38,195.5,8,0.969,3.81,16.985,6.25,71
5.571428571,7.3,0.46,0.7968,13.86,74.29,22,0.9646,4.07,12.255,13.125,73
5.2380952380000005,12.6,0.45,1.6268,20.79,54.74,13,0.9703,3.82,19.565,11.5625,71
