Date,AAPL,MSFT,YHOO,NFLX,BMW,F,FB,GOOG,GM,GE,LULU,C,JPM
27/03/2014,76.78,39.36,35.59,52.026,91.05,15.25,60.97,556.931,34.51,25.81,51.2,47.45,59.92
28/03/2014,76.6943,40.3,35.9,51.267,92.02,15.45,60.01,558.456,34.73,25.88,51.89,47.25,60.04
29/03/2014,76.6943,40.3,35.9,51.267,92.02,15.45,60.01,558.456,34.73,25.88,51.89,47.25,60.04
30/03/2014,76.6943,40.3,35.9,51.267,92.02,15.45,60.01,558.456,34.73,25.88,51.89,47.25,60.04
31/03/2014,76.6771,40.99,35.9,50.29,91.49,15.6,60.24,555.445,34.42,25.89,52.59,47.6,60.71
01/04/2014,77.3786,41.42,36.49,52.099,92.25,16.32,62.62,565.607,34.34,25.87,52.98,47.8,60.67
02/04/2014,77.5071,41.35,36.64,51.84,92.74,16.46,62.72,565.447,34.88,26.04,54.41,48.24,60.48
03/04/2014,76.97,41.01,35.76,50.67,92.87,16.39,59.49,568.18,35.44,26.23,54.14,47.68,60.66
04/04/2014,75.9743,39.87,34.26,48.187,93.15,16.13,56.749,541.653,34.81,26.02,54.18,47.11,59.81
05/04/2014,75.9743,39.87,34.26,48.187,93.15,16.13,56.749,541.653,34.81,26.02,54.18,47.11,59.81
06/04/2014,75.9743,39.87,34.26,48.187,93.15,16.13,56.749,541.653,34.81,26.02,54.18,47.11,59.81
07/04/2014,74.7814,39.82,33.07,48.286,91.37,15.94,56.95,536.676,34.11,25.85,52.62,46.55,59
08/04/2014,74.7771,39.82,33.83,49.841,91.2,16.1,58.19,553.38,34.53,25.75,53.16,46.6,58.85
09/04/2014,75.76,40.47,34.87,50.433,91.49,15.84,62.41,562.595,33.62,25.95,54.56,47.16,59.27
10/04/2014,74.7829,39.36,33.4,47.819,89.48,15.63,59.16,539.469,33.3,25.58,52.57,46.23,57.4
11/04/2014,74.23,39.19,32.8684,46.673,89.69,15.63,58.53,529.147,31.93,25.43,52.08,45.68,55.3
12/04/2014,74.23,39.19,32.8684,46.673,89.69,15.63,58.53,529.147,31.93,25.43,52.08,45.68,55.3
13/04/2014,74.23,39.19,32.8684,46.673,89.69,15.63,58.53,529.147,31.93,25.43,52.08,45.68,55.3
14/04/2014,74.5257,39.18,33.445,47.369,90.08,15.7,58.89,531.062,32.55,25.71,52.39,47.67,54.96
15/04/2014,73.9943,39.75,34.21,46.61,88.42,15.84,59.09,534.971,33.36,25.82,52.51,48.31,54.8
16/04/2014,74.1443,40.4,36.35,47.344,90.39,16.07,59.72,555.016,33.97,26.12,52.71,48.18,55.26
17/04/2014,74.9914,40.01,36.38,49.391,92.52,16,58.94,534.632,33.98,26.56,51.71,48.22,55.22
18/04/2014,74.9914,40.01,36.38,49.391,92.52,16,58.94,534.632,33.98,26.56,51.71,48.22,55.22
19/04/2014,74.9914,40.01,36.38,49.391,92.52,16,58.94,534.632,33.98,26.56,51.71,48.22,55.22
20/04/2014,74.9914,40.01,36.38,49.391,92.52,16,58.94,534.632,33.98,26.56,51.71,48.22,55.22
21/04/2014,75.8814,39.94,36.4,49.784,92.52,15.98,61.24,527.172,33.98,26.59,49.07,47.84,55.03
22/04/2014,75.957,39.99,36.14,53.271,93.95,16.1,63.03,533.345,34.23,26.58,48.27,48.02,55.81
23/04/2014,74.9643,39.69,35.44,50.5,92.7,16.23,61.36,525.497,34.39,26.42,47.51,48.4,56.05
24/04/2014,81.11,39.86,35.24,49.153,91.06,16.32,60.87,523.722,34.17,26.46,47.1,48.33,56.19
25/04/2014,81.7057,39.91,34.48,46.011,89.48,15.78,57.71,514.766,33.72,26.6,45.5,47.75,55.7
26/04/2014,81.7057,39.91,34.48,46.011,89.48,15.78,57.71,514.766,33.72,26.6,45.5,47.75,55.7
27/04/2014,81.7057,39.91,34.48,46.011,89.48,15.78,57.71,514.766,33.72,26.6,45.5,47.75,55.7
28/04/2014,84.87,40.87,33.99,44.887,89.96,15.97,56.14,515.734,33.76,26.78,45.23,47.3,55.49
29/04/2014,84.6186,40.51,35.83,45.696,90.4,16.12,58.15,526.255,33.99,26.76,45.58,48.16,56.1
30/04/2014,84.2986,40.4,35.95,46.006,90.31,16.15,59.78,525.218,34.48,26.89,45.93,47.91,55.98
01/05/2014,84.4971,40,36.51,48.074,90.31,15.91,61.15,529.895,34.9,26.77,44.99,47.76,55.72
02/05/2014,84.6543,39.69,36.87,48.664,89.1,15.9,60.46,526.484,34.97,26.68,45.45,47.73,55.58
03/05/2014,84.6543,39.69,36.87,48.664,89.1,15.9,60.46,526.484,34.97,26.68,45.45,47.73,55.58
04/05/2014,84.6543,39.69,36.87,48.664,89.1,15.9,60.46,526.484,34.97,26.68,45.45,47.73,55.58
05/05/2014,85.8514,39.43,36.91,49.197,88.87,15.74,61.22,526.365,34.75,26.58,45.57,47.18,54.22
06/05/2014,84.9157,39.06,36.49,46.599,88.09,15.56,58.53,513.729,34.75,26.19,44.6,46.36,53.34
07/05/2014,84.6186,39.4,34.07,45.791,88.63,15.46,57.39,508.563,35.07,26.53,43.7,46.7,54.05
08/05/2014,83.9986,39.64,33.92,45.951,88.11,15.81,56.76,509.601,34.85,26.44,43.21,47.14,54.36
09/05/2014,83.6489,39.54,33.76,46.936,88.46,15.77,57.24,517.309,34.23,26.42,43.77,46.99,54.01
10/05/2014,83.6489,39.54,33.76,46.936,88.46,15.77,57.24,517.309,34.23,26.42,43.77,46.99,54.01
11/05/2014,83.6489,39.54,33.76,46.936,88.46,15.77,57.24,517.309,34.23,26.42,43.77,46.99,54.01
12/05/2014,84.69,39.97,34.45,49.35,89.01,15.84,59.83,528.469,34.82,26.85,44.77,47.27,54.65
13/05/2014,84.8229,40.42,34.4,49.591,89.52,15.86,59.83,531.63,35.15,26.92,45.38,47.42,54.62
14/05/2014,84.8386,40.24,34.17,50.269,89.41,15.75,59.23,525.208,34.94,26.76,45.2,47.12,54.36
15/05/2014,84.1171,39.6,33.8,49.17,88.54,15.69,57.919,518.556,34.36,26.6,44.67,46.52,53.51
16/05/2014,85.3586,39.83,33.41,49.983,86.44,15.76,58.02,519.204,34,26.67,45.15,46.44,53.31
17/05/2014,85.3586,39.83,33.41,49.983,86.44,15.76,58.02,519.204,34,26.67,45.15,46.44,53.31
18/05/2014,85.3586,39.83,33.41,49.983,86.44,15.76,58.02,519.204,34,26.67,45.15,46.44,53.31
19/05/2014,86.37,39.75,33.89,52.071,88.11,15.92,59.21,527.412,34.25,26.61,45.67,46.77,53.83
20/05/2014,86.3871,39.68,33.87,53.096,87.96,15.77,58.56,528.319,33.07,26.3,44.45,46.55,53.72
21/05/2014,86.6157,40.35,34.36,55.8,88.56,15.91,60.49,537.464,33.46,26.49,44.79,46.85,54.12
22/05/2014,86.7529,40.1,34.7,55.971,89.4,15.91,60.52,543.567,33.42,26.51,45.15,47.14,54.55
23/05/2014,87.7329,40.12,35.02,57.479,89.7,16.02,61.351,551.186,33.63,26.51,45.3,47.29,54.53
24/05/2014,87.7329,40.12,35.02,57.479,89.7,16.02,61.351,551.186,33.63,26.51,45.3,47.29,54.53
25/05/2014,87.7329,40.12,35.02,57.479,89.7,16.02,61.351,551.186,33.63,26.51,45.3,47.29,54.53
26/05/2014,87.7329,40.12,35.02,57.479,91.18,16.02,61.351,551.186,33.63,26.51,45.3,47.29,54.53
27/05/2014,89.3757,40.19,35.12,56.973,91.57,16.16,63.48,564.4,33.94,26.57,44.86,47.57,55.14
28/05/2014,89.1443,40.01,34.78,57.32,91.04,16.31,63.51,560.142,34.59,26.66,44.69,47.32,55.45
29/05/2014,90.7686,40.34,34.9,59.314,91.96,16.54,63.83,558.546,34.45,26.74,44.43,47.28,55.72
30/05/2014,90.4286,40.94,34.65,59.69,92.1,16.44,63.3,558.357,34.58,26.79,44.63,47.57,55.57
31/05/2014,90.4286,40.94,34.65,59.69,92.1,16.44,63.3,558.357,34.58,26.79,44.63,47.57,55.57
01/06/2014,90.4286,40.94,34.65,59.69,92.1,16.44,63.3,558.357,34.58,26.79,44.63,47.57,55.57
02/06/2014,89.8071,40.79,34.87,60.294,91.35,16.44,63.08,552.413,34.86,26.83,43.49,47.76,55.35
03/06/2014,91.0771,40.29,34.65,59.653,91.93,16.55,62.87,543.448,35.26,26.79,43.27,48.19,55.6
04/06/2014,92.1171,40.32,34.73,60.459,91.31,16.79,63.34,543.168,36.52,26.55,42.98,47.88,55.68
05/06/2014,92.4786,41.21,34.94,61.193,92.56,16.68,63.186,552.383,36.27,26.77,42.87,48.63,56.63
06/06/2014,92.2243,41.48,35.92,61.447,92.85,17.08,62.5,554.807,36.55,27.18,44.42,48.93,56.97
07/06/2014,92.2243,41.48,35.92,61.447,92.85,17.08,62.5,554.807,36.55,27.18,44.42,48.93,56.97
08/06/2014,92.2243,41.48,35.92,61.447,92.85,17.08,62.5,554.807,36.55,27.18,44.42,48.93,56.97
09/06/2014,93.7,41.27,36.04,60.441,92.46,17,62.88,560.581,36.5,27.44,44.99,49.58,57.42
10/06/2014,94.25,41.11,36.31,61.184,91.89,17.01,65.77,559.015,36.4,27.41,45.48,49.33,57.9
11/06/2014,93.86,40.86,36.63,61.429,91.81,16.9,65.781,557.31,36.12,27.15,44.3,48.81,57.27
12/06/2014,92.29,40.58,36.78,60.35,91.11,16.52,64.29,549.84,35.52,26.96,37.25,48.27,57.04
13/06/2014,91.28,41.23,36.94,61.101,90.59,16.56,64.5,550.249,35.63,27.04,37.61,47.59,57.04
14/06/2014,91.28,41.23,36.94,61.101,90.59,16.56,64.5,550.249,35.63,27.04,37.61,47.59,57.04
15/06/2014,91.28,41.23,36.94,61.101,90.59,16.56,64.5,550.249,35.63,27.04,37.61,47.59,57.04
16/06/2014,92.2,41.5,34.81,61.466,91,16.63,64.19,542.79,36.06,26.82,38.25,47.64,56.87
17/06/2014,92.08,41.68,34.43,63.379,90.78,16.79,64.4,541.523,36.36,26.87,38.71,47.79,57.42
18/06/2014,92.18,41.65,34.94,64.097,91.94,16.83,65.6,551.855,36.3,26.89,39.88,47.93,57.78
19/06/2014,91.86,41.51,34.68,63.056,92.7,16.78,64.342,553.38,36.37,26.93,40.27,47.56,57.3
20/06/2014,90.91,41.67,34.05,62.883,92.48,16.67,64.5,554.836,36.22,26.97,40.23,47.34,57.55
21/06/2014,90.91,41.67,34.05,62.883,92.48,16.67,64.5,554.836,36.22,26.97,40.23,47.34,57.55
22/06/2014,90.91,41.67,34.05,62.883,92.48,16.67,64.5,554.836,36.22,26.97,40.23,47.34,57.55
23/06/2014,90.83,41.99,33.64,62.789,92.82,16.88,65.37,563.403,36.67,26.68,41.25,48.06,58.19
24/06/2014,90.28,41.74,33.477,62.337,93.64,16.97,65.72,563.074,36.58,26.58,41.11,47.81,57.42
25/06/2014,90.36,42.03,33.25,63.459,93.24,17.2,67.44,577.065,37.09,26.42,41.12,47.82,57.53
26/06/2014,90.9,41.72,33.66,62.801,92.72,17.2,67.13,574.423,36.9,26.29,40.49,47.23,57.39
27/06/2014,91.98,42.25,34.25,63.154,92.47,17.28,67.6,575.659,36.62,26.43,40.42,47.14,57.53
28/06/2014,91.98,42.25,34.25,63.154,92.47,17.28,67.6,575.659,36.62,26.43,40.42,47.14,57.53
29/06/2014,91.98,42.25,34.25,63.154,92.47,17.28,67.6,575.659,36.62,26.43,40.42,47.14,57.53
30/06/2014,92.93,41.7,35.13,62.943,92.49,17.24,67.29,573.705,36.3,26.28,40.48,47.1,57.62
01/07/2014,93.52,41.87,35.35,67.586,93.36,17.21,68.06,581.074,37.59,26.4,40.27,47.46,57.57
02/07/2014,93.48,41.9,35.88,66.677,93.78,17.22,66.45,580.74,37.74,26.61,41.4,48.01,56.97
03/07/2014,94.03,41.8,36.14,67.479,95.25,17.32,66.29,583.129,37.74,26.86,42.6,48.24,57.05
04/07/2014,94.03,41.8,36.14,67.479,95.19,17.32,66.29,583.129,37.74,26.86,42.6,48.24,57.05
05/07/2014,94.03,41.8,36.14,67.479,95.19,17.32,66.29,583.129,37.74,26.86,42.6,48.24,57.05
06/07/2014,94.03,41.8,36.14,67.479,95.19,17.32,66.29,583.129,37.74,26.86,42.6,48.24,57.05
07/07/2014,95.968,42.01,35.52,65.803,93.99,17.32,65.29,580.656,37.44,26.75,40.82,47.98,56.67
08/07/2014,95.35,41.78,34.53,63.579,92.85,17.11,62.76,569.526,37.58,26.37,40.75,47.42,55.76
09/07/2014,95.39,41.67,34.85,63.286,92.94,17.43,64.97,574.502,37.97,26.32,40.29,47.38,56.02
10/07/2014,95.035,41.685,34.93,62.65,91.63,17.3,64.873,569.536,37.75,26.2,39.98,46.9,55.56
11/07/2014,95.22,42.09,35.43,62.851,92.11,17.47,66.34,577.594,37.95,26.55,40.17,47,55.8
12/07/2014,95.22,42.09,35.43,62.851,92.11,17.47,66.34,577.594,37.95,26.55,40.17,47,55.8
13/07/2014,95.22,42.09,35.43,62.851,92.11,17.47,66.34,577.594,37.95,26.55,40.17,47,55.8
14/07/2014,96.45,42.14,35.7,64.654,92.69,17.55,67.9,583.268,37.7,26.66,38.87,48.42,56.29
15/07/2014,95.32,42.45,35.61,64.156,92.57,17.54,67.165,583.179,37.58,26.61,38.66,49.29,58.27
16/07/2014,94.78,44.08,33.79,63.491,95.1,17.8,67.66,581.064,37.48,27.02,38.11,49.82,58.71
17/07/2014,93.0899,44.53,33.21,62.766,93.73,17.74,66.41,572.159,37.1,26.61,37.98,49.18,57.86
18/07/2014,94.43,44.71,33.33,63.453,93.84,17.72,68.42,593.45,37.41,26.46,38.15,49.56,58.23
19/07/2014,94.43,44.71,33.33,63.453,93.84,17.72,68.42,593.45,37.41,26.46,38.15,49.56,58.23
20/07/2014,94.43,44.71,33.33,63.453,93.84,17.72,68.42,593.45,37.41,26.46,38.15,49.56,58.23
21/07/2014,93.939,44.835,33.28,64.564,92.66,17.7,69.4,587.856,37.43,25.98,37.51,49.35,58.24
22/07/2014,94.72,44.83,33.6,61.584,93.9,17.82,69.27,593.111,37.76,26.02,37.53,49.6,58.67
23/07/2014,97.19,44.87,34.71,61.129,94.39,17.78,71.29,594.348,37.41,25.91,37.56,50.18,59
24/07/2014,97.03,44.4,36.17,60.769,95.32,17.84,74.98,591.725,35.74,25.94,39.51,50.09,59.17
25/07/2014,97.671,44.5,36.12,60.266,94.33,17.62,75.19,587.407,35.07,25.79,39.03,50.03,59.01
26/07/2014,97.671,44.5,36.12,60.266,94.33,17.62,75.19,587.407,35.07,25.79,39.03,50.03,59.01
27/07/2014,97.671,44.5,36.12,60.266,94.33,17.62,75.19,587.407,35.07,25.79,39.03,50.03,59.01
28/07/2014,99.02,43.97,35.9,60.666,92.6,17.64,74.92,588.983,34.9,25.59,39.45,49.7,59.19
29/07/2014,98.38,43.885,35.68,60.611,91.25,17.57,73.71,584.006,34.45,25.45,39.17,49.42,58.64
30/07/2014,98.15,43.58,36.6,62.051,91.12,17.46,74.677,585.811,34.31,25.64,39.45,50,58.91
31/07/2014,95.6,43.16,35.81,60.389,88.74,17.02,72.65,570.035,33.82,25.15,38.465,48.91,57.67
01/08/2014,96.13,42.86,35.62,60.771,87.35,16.81,72.36,564.52,33.44,25.35,38.3,48.1,56.48
02/08/2014,96.13,42.86,35.62,60.771,87.35,16.81,72.36,564.52,33.44,25.35,38.3,48.1,56.48
03/08/2014,96.13,42.86,35.62,60.771,87.35,16.81,72.36,564.52,33.44,25.35,38.3,48.1,56.48
04/08/2014,95.59,43.37,36.535,60.386,89.5,17.02,73.51,571.58,33.61,25.27,38.5,48.34,56.65
05/08/2014,95.12,43.08,35.7,60.407,87.85,16.87,72.69,563.523,33.36,25.02,38.7,47.89,56.06
06/08/2014,94.96,42.77,35.79,61.471,87.83,16.98,72.47,564.823,33.4,25.44,39.97,48.14,56.23
07/08/2014,94.48,43.23,35.66,64.239,85.99,16.82,73.17,561.817,33.11,25.5,39.03,48.06,55.91
08/08/2014,94.74,43.2,35.91,63.693,87.15,17.09,73.06,567.212,33.53,25.66,40.11,48.45,56.34
09/08/2014,94.74,43.2,35.91,63.693,87.15,17.09,73.06,567.212,33.53,25.66,40.11,48.45,56.34
10/08/2014,94.74,43.2,35.91,63.693,87.15,17.09,73.06,567.212,33.53,25.66,40.11,48.45,56.34
11/08/2014,95.99,43.2,35.79,64.506,88.7,17.17,73.44,566.325,33.8,25.79,40.38,48.39,56.32
12/08/2014,95.97,43.52,35.52,63.773,87.39,17.21,72.83,561.189,33.7,25.61,39.29,48.44,56.35
13/08/2014,97.24,44.08,36.19,64.504,87.87,17.42,73.77,573.206,33.95,25.83,38.77,48.75,56.72
14/08/2014,97.5,44.27,36.36,64.41,88.35,17.43,74.296,573.076,33.95,25.88,38.75,49.13,56.98
15/08/2014,97.98,44.79,36.47,65.584,87,17.31,73.63,571.91,33.84,25.64,38.37,48.72,56.75
16/08/2014,97.98,44.79,36.47,65.584,87,17.31,73.63,571.91,33.84,25.64,38.37,48.72,56.75
17/08/2014,97.98,44.79,36.47,65.584,87,17.31,73.63,571.91,33.84,25.64,38.37,48.72,56.75
18/08/2014,99.16,45.11,37.38,66.571,88.14,17.43,74.59,580.566,34.4,26.07,38.79,49.51,57.23
19/08/2014,100.53,45.33,37.83,66.879,89.26,17.36,75.29,585.253,34.57,26.05,39.99,49.7,57.56
20/08/2014,100.57,44.95,37.5,67.456,88.77,17.41,74.81,582.889,34.53,26.36,40,49.8,57.64
21/08/2014,100.58,45.22,37.64,67.436,89.74,17.4,74.57,581.772,34.6,26.43,39.8,51.07,58.5
22/08/2014,101.32,45.16,38.01,68.456,89.08,17.17,74.57,580.965,34.24,26.15,40.45,50.93,58.49
23/08/2014,101.32,45.16,38.01,68.456,89.08,17.17,74.57,580.965,34.24,26.15,40.45,50.93,58.49
24/08/2014,101.32,45.16,38.01,68.456,89.08,17.17,74.57,580.965,34.24,26.15,40.45,50.93,58.49
25/08/2014,101.54,45.17,37.71,68.704,91.05,17.23,75.02,578.611,34.67,26.2,40.83,51.63,59.34
26/08/2014,100.889,45.005,37.79,68.48,90.9,17.19,75.96,576.278,34.85,26.01,41.67,52.13,59.74
27/08/2014,102.13,44.87,38.18,67.814,90.17,17.36,74.63,569.436,34.71,26.13,41.49,51.86,59.59
28/08/2014,102.25,44.88,38.31,67.887,89.21,17.42,73.855,567.641,34.68,26.01,40.59,51.39,59.16
29/08/2014,102.5,45.43,38.51,68.234,88.69,17.41,74.82,570.035,34.8,25.98,39.93,51.65,59.45
30/08/2014,102.5,45.43,38.51,68.234,88.69,17.41,74.82,570.035,34.8,25.98,39.93,51.65,59.45
31/08/2014,102.5,45.43,38.51,68.234,88.69,17.41,74.82,570.035,34.8,25.98,39.93,51.65,59.45
01/09/2014,102.5,45.43,38.51,68.234,87.98,17.41,74.82,570.035,34.8,25.98,39.93,51.65,59.45
02/09/2014,103.3,45.09,39.27,68.086,87.71,17.6,76.68,575.749,34.8,25.85,40.11,51.96,59.67
03/09/2014,98.94,44.96,38.87,68.199,89.78,17.47,75.83,576.357,34.47,25.95,39.13,52.23,59.7
04/09/2014,98.12,45.26,39.19,67.524,91.03,17.27,75.95,580.386,34.63,25.96,39.04,52.47,59.71
05/09/2014,98.97,45.91,39.59,67.954,92.06,17.14,77.26,584.475,34.58,26.1,39.14,52.3,59.91
06/09/2014,98.97,45.91,39.59,67.954,92.06,17.14,77.26,584.475,34.58,26.1,39.14,52.3,59.91
07/09/2014,98.97,45.91,39.59,67.954,92.06,17.14,77.26,584.475,34.58,26.1,39.14,52.3,59.91
08/09/2014,98.36,46.47,41.81,68.476,91.61,16.8,77.89,588.105,33.24,26.08,39.07,52.05,59.89
09/09/2014,97.99,46.76,40.78,68.43,90.69,16.63,76.67,579.419,33.07,25.9,38.68,51.26,59.06
10/09/2014,101,46.84,41.14,69.199,90.59,16.63,77.43,581.503,33.29,25.95,38.39,51.83,59.22
11/09/2014,101.43,47,41.26,68.794,89.79,16.66,77.92,579.758,33.61,26.02,43.73,52.23,59.76
12/09/2014,101.66,46.695,42.88,68.079,89.13,16.59,77.48,574.044,33.27,25.87,45.19,52.38,60.03
13/09/2014,101.66,46.695,42.88,68.079,89.13,16.59,77.48,574.044,33.27,25.87,45.19,52.38,60.03
14/09/2014,101.66,46.695,42.88,68.079,89.13,16.59,77.48,574.044,33.27,25.87,45.19,52.38,60.03
15/09/2014,101.63,46.24,42.55,65.393,89.47,16.47,74.58,571.531,33.63,25.92,44.2,52.31,59.94
16/09/2014,100.86,46.76,42.71,65.273,89.86,16.52,76.08,578.362,33.71,26.21,43.44,52.36,59.99
17/09/2014,101.58,46.52,42.59,64.933,89.76,16.53,76.43,583.169,33.85,26.27,44.01,52.39,60.31
18/09/2014,101.79,46.68,42.085,65.573,90.29,16.58,77,587.656,34.03,26.21,44.3,53.66,61.32
19/09/2014,100.96,47.52,40.93,65.36,88.98,16.65,77.91,594.448,33.94,26.29,43.24,53.48,61.11
20/09/2014,100.96,47.52,40.93,65.36,88.98,16.65,77.91,594.448,33.94,26.29,43.24,53.48,61.11
21/09/2014,100.96,47.52,40.93,65.36,88.98,16.65,77.91,594.448,33.94,26.29,43.24,53.48,61.11
22/09/2014,101.06,47.06,38.65,63.254,86.64,16.36,76.8,585.761,33.44,26.08,41.73,53.04,60.91
23/09/2014,102.64,46.56,39.05,63.414,85.08,16.17,78.29,579.539,33.22,26.02,41.96,52.84,60.94
24/09/2014,101.75,47.08,39.88,64.366,86.86,16.41,78.535,586.38,33.65,25.93,42.66,53.26,61.63
25/09/2014,97.87,46.04,38.95,63.356,85.03,16.2,77.22,573.485,32.87,25.55,42.23,51.96,60.15
26/09/2014,100.75,46.41,40.66,64.107,85.87,16.33,78.79,575.52,33.17,25.63,42.99,52.49,60.56
27/09/2014,100.75,46.41,40.66,64.107,85.87,16.33,78.79,575.52,33.17,25.63,42.99,52.49,60.56
28/09/2014,100.75,46.41,40.66,64.107,85.87,16.33,78.79,575.52,33.17,25.63,42.99,52.49,60.56
29/09/2014,100.11,46.44,40.52,64.223,84.8,15.11,79,574.782,32.22,25.42,42.27,52.05,60.33
30/09/2014,100.75,46.36,40.75,64.454,86.1,14.79,79.04,575.779,31.94,25.62,42.01,51.82,60.24
01/10/2014,99.18,45.9,40.32,62.686,84.671,14.59,76.55,566.714,32.49,25.16,41.46,51.1,59.77
02/10/2014,99.9,45.76,40.5,64.283,84.059,14.56,77.08,568.519,33.18,25.12,42.36,51.25,58.84
03/10/2014,99.62,46.09,41.03,65.649,84.7,14.59,77.44,573.705,33.76,25.4,42.07,52.32,60.3
04/10/2014,99.62,46.09,41.03,65.649,84.7,14.59,77.44,573.705,33.76,25.4,42.07,52.32,60.3
05/10/2014,99.62,46.09,41.03,65.649,84.7,14.59,77.44,573.705,33.76,25.4,42.07,52.32,60.3
06/10/2014,99.62,46.09,41.52,66.211,81.756,14.52,77.555,575.769,33.75,25.22,41.33,52.28,60.18
07/10/2014,98.75,45.53,40.93,65.179,81.52,14.1,76.29,562.196,31.77,24.81,41,51.27,59.27
08/10/2014,100.8,46.78,41.08,66.694,82.52,14.21,77.52,570.932,32.18,25.25,42.23,52.54,60.4
09/10/2014,101.02,45.85,41.1,65.946,81.67,13.84,75.91,559.344,31.03,24.78,41.07,51.14,59.08
10/10/2014,100.73,44.03,39.6,64.583,79.612,13.79,72.91,542.999,30.29,24.27,40.35,50.11,58.52
11/10/2014,100.73,44.03,39.6,64.583,79.612,13.79,72.91,542.999,30.29,24.27,40.35,50.11,58.52
12/10/2014,100.73,44.03,39.6,64.583,79.612,13.79,72.91,542.999,30.29,24.27,40.35,50.11,58.52
13/10/2014,99.81,43.65,38.38,62.654,78.74,13.54,72.99,531.75,29.79,23.95,39.08,49.9,58.16
14/10/2014,98.75,43.73,37.97,64.16,79.26,13.78,73.59,536.467,30.11,24.1,39.44,51.47,57.99
15/10/2014,97.54,43.22,37.82,64.084,77.503,13.62,73.21,528.579,29.69,24.28,39.6,49.68,55.53
16/10/2014,96.26,42.74,38.115,51.671,77.858,13.98,72.63,523.074,29.94,24.25,40,49.75,55.08
17/10/2014,97.67,43.63,38.45,51.013,80,14.02,75.95,509.77,30.24,24.82,38.84,50.07,56.2
18/10/2014,97.67,43.63,38.45,51.013,80,14.02,75.95,509.77,30.24,24.82,38.84,50.07,56.2
19/10/2014,97.67,43.63,38.45,51.013,80,14.02,75.95,509.77,30.24,24.82,38.84,50.07,56.2
20/10/2014,99.76,44.08,39.28,51.317,78.54,14.17,76.95,519.414,30.34,25.03,40.49,50.53,56.63
21/10/2014,102.47,44.88,40.18,52.284,81.303,14.26,78.69,525.098,30.84,25.45,41.2,51.27,57.93
22/10/2014,102.99,44.38,42,53.521,81.573,14.13,78.37,531.251,31.31,25.19,40.85,50.7,57.45
23/10/2014,104.83,45.02,42.6,54.72,82.97,14.4,80.04,542.49,30.93,25.44,41.41,51.41,58.06
24/10/2014,105.22,46.13,43.5,55.003,82.33,13.78,80.67,538.302,30.04,25.64,41.4,51.8,58.74
25/10/2014,105.22,46.13,43.5,55.003,82.33,13.78,80.67,538.302,30.04,25.64,41.4,51.8,58.74
26/10/2014,105.22,46.13,43.5,55.003,82.33,13.78,80.67,538.302,30.04,25.64,41.4,51.8,58.74
27/10/2014,105.11,45.91,44.7,54.2,81.431,13.82,80.28,539.289,30.08,25.52,41.51,51.59,58.64
28/10/2014,106.74,46.49,45.87,55.174,82.916,14.16,80.77,547.397,31.17,25.88,41.73,52.44,59.63
29/10/2014,107.34,46.62,45.43,54.014,82.601,13.91,75.86,547.826,30.72,25.66,41.18,52.65,59.29
30/10/2014,106.98,46.05,45.63,54.144,83.21,13.95,74.11,548.803,30.78,25.67,41.68,53.15,59.39
31/10/2014,108,46.95,46.05,56.11,85.35,14.09,74.99,557.549,31.4,25.81,41.65,53.53,60.48
01/11/2014,108,46.95,46.05,56.11,85.35,14.09,74.99,557.549,31.4,25.81,41.65,53.53,60.48
02/11/2014,108,46.95,46.05,56.11,85.35,14.09,74.99,557.549,31.4,25.81,41.65,53.53,60.48
03/11/2014,109.4,47.44,46.34,55.487,85.5,13.99,73.88,553.7,31.18,25.7,41.93,53.47,60.88
04/11/2014,108.6,47.57,47.08,54.683,83.36,13.95,75.76,552.593,30.82,25.7,41.52,53.19,60.25
05/11/2014,108.86,47.86,47.46,54.34,83.825,13.94,74.83,544.425,30.73,25.82,41.29,54.02,61.15
06/11/2014,108.7,48.7,47.93,54.757,84.78,14.19,75.26,540.556,31.37,26.36,42.78,53.99,61.23
07/11/2014,109.01,48.68,48.55,54.88,83.2,14.17,75.6,539.528,31.59,26.41,43.76,53.75,61.47
08/11/2014,109.01,48.68,48.55,54.88,83.2,14.17,75.6,539.528,31.59,26.41,43.76,53.75,61.47
09/11/2014,109.01,48.68,48.55,54.88,83.2,14.17,75.6,539.528,31.59,26.41,43.76,53.75,61.47
10/11/2014,108.83,48.89,49.41,55.324,83.67,14,75,545.991,31.12,26.47,43.3,53.89,61.93
11/11/2014,109.7,48.87,49.05,54.65,84.215,14.37,74.61,548.783,31.35,26.38,43.18,53.81,61.37
12/11/2014,111.25,48.78,50.6,54.837,82.86,14.58,74.72,545.811,31.42,26.52,45.66,53.42,60.56
13/11/2014,112.82,49.61,50.5,54.201,82.79,14.93,74.25,543.886,31.65,26.42,45.19,53.44,60.23
14/11/2014,114.18,49.58,51.75,55.149,82.866,15.14,74.88,542.909,31.79,26.46,44.99,53.38,60.28
15/11/2014,114.18,49.58,51.75,55.149,82.866,15.14,74.88,542.909,31.79,26.46,44.99,53.38,60.28
16/11/2014,114.18,49.58,51.75,55.149,82.866,15.14,74.88,542.909,31.79,26.46,44.99,53.38,60.28
17/11/2014,113.99,49.46,52.37,54.449,83.49,15.54,74.24,535.041,32.31,26.61,44.42,53.57,60.38
18/11/2014,115.47,48.74,51.75,54.433,84.703,15.5,74.34,533.565,32.27,27.01,44.8,53.81,60.53
19/11/2014,114.67,48.22,50.58,51.871,84.77,15.44,73.33,535.519,32.15,26.92,45.6,53.66,60.6
20/11/2014,116.31,48.7,51.25,52.591,84.92,15.46,73.6,533.365,32.13,26.85,45.88,53.52,60.12
21/11/2014,116.47,47.98,51.04,51.469,87.725,15.43,73.75,536.028,32.13,26.99,46.91,53.66,60.45
22/11/2014,116.47,47.98,51.04,51.469,87.725,15.43,73.75,536.028,32.13,26.99,46.91,53.66,60.45
23/11/2014,116.47,47.98,51.04,51.469,87.725,15.43,73.75,536.028,32.13,26.99,46.91,53.66,60.45
24/11/2014,118.625,47.59,51.83,50.924,89.54,15.67,74.01,537.793,32.19,27,46.93,54.4,60.96
25/11/2014,117.6,47.47,51.72,49.856,90.38,15.68,75.63,539.598,32.23,26.86,48.67,54.33,60.3
26/11/2014,119,47.75,51.93,50.166,90.511,15.61,77.62,538.89,32.07,26.87,48.34,54.13,60.34
27/11/2014,119,47.75,51.93,50.166,91.087,15.61,77.62,538.89,32.07,26.87,48.34,54.13,60.34
28/11/2014,118.93,47.81,51.74,49.513,91.65,15.73,77.7,540.346,33.43,26.49,48.19,53.97,60.16
29/11/2014,118.93,47.81,51.74,49.513,91.65,15.73,77.7,540.346,33.43,26.49,48.19,53.97,60.16
30/11/2014,118.93,47.81,51.74,49.513,91.65,15.73,77.7,540.346,33.43,26.49,48.19,53.97,60.16
01/12/2014,115.07,48.62,50.1,48.83,91.95,15.77,75.1,532.338,32.94,26.02,47.04,53.35,60
02/12/2014,114.63,48.46,50.67,50.33,91.8,15.9,75.46,532.288,33.26,26.05,46.06,54.36,61.08
03/12/2014,115.93,48.08,50.28,50.731,91.331,16.01,74.88,529.865,33.64,26.38,45.71,55.21,61.54
04/12/2014,115.49,48.84,50.41,50.086,90.17,15.81,75.24,535.839,33.09,26.09,45.92,55.18,61.38
05/12/2014,115,48.42,50.99,50.131,91.861,15.7,76.36,523.822,33.93,26.01,45.51,56.08,62.7
06/12/2014,115,48.42,50.99,50.131,91.861,15.7,76.36,523.822,33.93,26.01,45.51,56.08,62.7
07/12/2014,115,48.42,50.99,50.131,91.861,15.7,76.36,523.822,33.93,26.01,45.51,56.08,62.7
08/12/2014,112.4,47.695,49.62,48.497,91.25,15.43,76.52,525.537,32.68,25.69,44.93,56.37,62.67
09/12/2014,114.12,47.59,50.51,49.111,89.57,15.43,76.84,531.909,32.81,25.58,47.73,55.85,62.45
10/12/2014,111.95,46.9,49.205,47.76,89.45,15.16,76.18,524.619,31.97,25.27,46.7,54.47,60.68
11/12/2014,111.62,47.17,49.94,47.804,89.844,15.28,77.73,526.893,32.19,25.41,50.955,54.51,61.14
12/12/2014,109.73,46.95,50.24,47.783,87.87,14.99,77.83,517.24,31.57,24.89,52.95,53.4,60.04
13/12/2014,109.73,46.95,50.24,47.783,87.87,14.99,77.83,517.24,31.57,24.89,52.95,53.4,60.04
14/12/2014,109.73,46.95,50.24,47.783,87.87,14.99,77.83,517.24,31.57,24.89,52.95,53.4,60.04
15/12/2014,108.225,46.67,49.82,46.72,85.69,14.28,76.99,512.393,31,24.59,53.87,52.79,59.16
16/12/2014,106.745,45.16,48.85,45.206,86.52,14.09,74.69,494.033,30.73,24.49,52.5,51.17,58.43
17/12/2014,109.41,45.74,50.12,47.664,88.64,14.45,76.11,503.507,31.15,24.66,53.24,52.45,59.77
18/12/2014,112.65,47.52,50.91,47.774,90.71,14.81,78.4,509.7,31.75,25.14,53.15,54.1,61.48
19/12/2014,111.78,47.66,50.88,48.589,90.015,15.03,79.88,514.936,32.81,25.62,53.5,54.01,61.93
20/12/2014,111.78,47.66,50.88,48.589,90.015,15.03,79.88,514.936,32.81,25.62,53.5,54.01,61.93
21/12/2014,111.78,47.66,50.88,48.589,90.015,15.03,79.88,514.936,32.81,25.62,53.5,54.01,61.93
22/12/2014,112.94,47.98,51.15,48.097,90.18,15.22,81.45,523.433,33.23,25.71,53.96,53.96,61.94
23/12/2014,112.54,48.45,50.02,48.061,90.41,15.33,80.61,529.137,33.56,25.88,54.56,54.42,62.48
24/12/2014,112.01,48.14,50.65,48.871,90.41,15.3,80.77,527.322,33.43,25.83,54.4,54.54,62.48
25/12/2014,112.01,48.14,50.65,48.871,90.41,15.3,80.77,527.322,33.43,25.83,54.4,54.54,62.48
26/12/2014,113.99,47.88,50.86,48.579,90.41,15.45,80.775,532.568,33.73,25.78,54.77,54.43,62.55
27/12/2014,113.99,47.88,50.86,48.579,90.41,15.45,80.775,532.568,33.73,25.78,54.77,54.43,62.55
28/12/2014,113.99,47.88,50.86,48.579,90.41,15.45,80.775,532.568,33.73,25.78,54.77,54.43,62.55
29/12/2014,113.91,47.45,50.53,48.847,90.68,15.52,80.02,528.878,34.6,25.7,55.38,54.73,62.96
30/12/2014,112.52,47.02,51.22,49.033,89.77,15.5,79.22,528.967,35.09,25.57,55.75,54.84,63.15
31/12/2014,110.38,46.45,50.51,48.801,89.77,15.5,78.02,524.958,34.91,25.27,55.79,54.11,62.58
01/01/2015,110.38,46.45,50.51,48.801,89.77,15.5,78.02,524.958,34.91,25.27,55.79,54.11,62.58
02/01/2015,109.33,46.76,50.17,49.849,88.03,15.36,78.45,523.373,34.84,25.06,55.34,54.26,62.49
03/01/2015,109.33,46.76,50.17,49.849,88.03,15.36,78.45,523.373,34.84,25.06,55.34,54.26,62.49
04/01/2015,109.33,46.76,50.17,49.849,88.03,15.36,78.45,523.373,34.84,25.06,55.34,54.26,62.49
05/01/2015,106.25,46.325,49.13,47.311,85.33,14.76,77.19,512.463,34.33,24.6,55.96,52.55,60.55
06/01/2015,106.26,45.65,49.21,46.501,85.88,14.62,76.15,500.585,34.85,24.07,55.57,50.7,58.98
07/01/2015,107.75,46.23,48.59,46.743,87.01,15.04,76.15,499.728,35.84,24.08,57.65,51.17,59.07
08/01/2015,111.89,47.59,50.23,47.779,89.051,15.42,78.175,501.303,36.2,24.37,59.07,51.94,60.39
09/01/2015,112.01,47.19,49.72,47.041,88.65,15.21,77.74,494.811,35.59,24.03,58.63,50.78,59.34
10/01/2015,112.01,47.19,49.72,47.041,88.65,15.21,77.74,494.811,35.59,24.03,58.63,50.78,59.34
11/01/2015,112.01,47.19,49.72,47.041,88.65,15.21,77.74,494.811,35.59,24.03,58.63,50.78,59.34
12/01/2015,109.25,46.6,48.8,45.547,88.3,15.22,76.72,491.201,35.84,23.98,62.59,50.38,58.83
13/01/2015,110.22,46.355,48.3,46.256,89.75,15.21,76.45,494.821,35.25,23.86,63.06,50.02,58.84
14/01/2015,109.8,45.955,47.51,46.32,89.191,15.11,76.28,499.498,34.3,23.78,63.4,49.05,56.81
15/01/2015,106.82,45.48,46.23,46.251,90.78,14.86,74.05,500.416,33.43,23.58,62.51,47.23,54.99
16/01/2015,105.99,46.24,46.47,48.191,94.19,15.02,75.18,506.689,33.68,23.59,63,47.61,55.93
17/01/2015,105.99,46.24,46.47,48.191,94.19,15.02,75.18,506.689,33.68,23.59,63,47.61,55.93
18/01/2015,105.99,46.24,46.47,48.191,94.19,15.02,75.18,506.689,33.68,23.59,63,47.61,55.93
19/01/2015,105.99,46.24,46.47,48.191,93.633,15.02,75.18,506.689,33.68,23.59,63,47.61,55.93
20/01/2015,108.72,46.39,47.63,49.829,94.674,15.01,76.24,505.512,33.93,23.85,63,47.26,55.71
21/01/2015,109.55,45.92,48.18,58.469,94.725,14.97,76.74,516.621,33.89,24.04,62.86,47.74,55.89
22/01/2015,112.4,47.13,48.89,61.206,98.65,15.03,77.65,532.927,33.82,24.28,63.76,49.57,57.59
23/01/2015,112.98,47.18,48.95,62.494,102.615,14.91,77.83,538.471,33.75,24.48,66.2,48.62,56.68
24/01/2015,112.98,47.18,48.95,62.494,102.615,14.91,77.83,538.471,33.75,24.48,66.2,48.62,56.68
25/01/2015,112.98,47.18,48.95,62.494,102.615,14.91,77.83,538.471,33.75,24.48,66.2,48.62,56.68
26/01/2015,113.1,47.01,49.44,63.794,105.675,15.08,77.495,533.744,33.7,24.59,66.76,48.89,56.77
27/01/2015,109.14,42.66,47.99,64.881,101.96,14.85,75.78,517.21,33.42,24.38,67.48,48.31,56.2
28/01/2015,115.31,41.19,46.46,63.209,101.61,14.46,76.24,508.603,32.84,23.84,66.16,47.11,54.75
29/01/2015,118.9,42.01,43.73,63.4,103.47,14.85,78,509.262,33.16,24.08,67.195,47.62,55.67
30/01/2015,117.16,40.4,43.99,63.114,103.012,14.71,75.91,533.056,32.62,23.89,66.24,46.95,54.38
31/01/2015,117.16,40.4,43.99,63.114,103.012,14.71,75.91,533.056,32.62,23.89,66.24,46.95,54.38
01/02/2015,117.16,40.4,43.99,63.114,103.012,14.71,75.91,533.056,32.62,23.89,66.24,46.95,54.38
02/02/2015,118.63,41.28,44.685,63.009,104.462,15.27,74.99,527.033,33.11,24.21,65.52,47.72,55.47
03/02/2015,118.65,41.6,44.7,65.274,106.74,15.65,75.4,527.791,33.98,24.47,66.49,48.88,56.72
04/02/2015,119.56,41.84,44.045,64.101,105.77,15.87,75.63,521.328,35.83,24.16,65.66,48.4,56.38
05/02/2015,119.94,42.45,43.545,64.13,107.098,15.85,75.615,526.135,36.25,24.5,65.29,48.54,56.77
06/02/2015,118.93,42.41,42.94,63.48,105.869,15.86,74.47,529.546,36,24.52,64.435,49.14,57.89
07/02/2015,118.93,42.41,42.94,63.48,105.869,15.86,74.47,529.546,36,24.52,64.435,49.14,57.89
08/02/2015,118.93,42.41,42.94,63.48,105.869,15.86,74.47,529.546,36,24.52,64.435,49.14,57.89
09/02/2015,119.72,42.36,42.57,63.295,102.43,15.92,74.44,526.385,36,24.64,65.43,49.21,57.82
10/02/2015,122.02,42.6,43.07,64.85,104.713,16.09,75.19,535.47,37.52,24.72,65.755,49.39,58.46
11/02/2015,124.88,42.38,42.96,64.984,104.644,16.25,76.51,534.502,37.67,24.77,65.59,49.68,58.37
12/02/2015,126.46,43.09,43.925,65.247,106.712,16.36,76.23,541.443,38.02,24.89,66.04,50.89,59.57
13/02/2015,127.08,43.87,44.42,66.586,107.595,16.3,75.74,547.507,37.62,25.15,65.98,51.2,59.67
14/02/2015,127.08,43.87,44.42,66.586,107.595,16.3,75.74,547.507,37.62,25.15,65.98,51.2,59.67
15/02/2015,127.08,43.87,44.42,66.586,107.595,16.3,75.74,547.507,37.62,25.15,65.98,51.2,59.67
16/02/2015,127.08,43.87,44.42,66.586,105.77,16.3,75.74,547.507,37.62,25.15,65.98,51.2,59.67
17/02/2015,127.83,43.58,43.53,67.137,106.612,16.11,75.6,541.353,37.24,25.17,66,51.69,60.1
18/02/2015,128.715,43.53,43.65,67.866,108.55,16.21,76.71,538.222,37.19,25.25,66.42,51.42,59.37
19/02/2015,128.45,43.5,44.37,67.8,109.197,16.43,79.42,541.383,37.51,25.01,66.89,51.12,59.23
20/02/2015,129.495,43.855,44.11,68.314,112.665,16.4,79.895,537.474,37.65,25.21,67.37,51.78,59.8
21/02/2015,129.495,43.855,44.11,68.314,112.665,16.4,79.895,537.474,37.65,25.21,67.37,51.78,59.8
22/02/2015,129.495,43.855,44.11,68.314,112.665,16.4,79.895,537.474,37.65,25.21,67.37,51.78,59.8
23/02/2015,133,44.15,43.53,67.406,111.591,16.38,78.84,530.453,37.69,25.17,66.08,51.32,59.35
24/02/2015,132.17,44.09,43.38,67.84,111.013,16.36,78.45,534.622,37.75,25.39,66.1,51.9,60.82
25/02/2015,128.79,43.99,44.43,68.333,109.419,16.51,79.56,542.381,37.86,25.91,67.09,52.09,61.14
26/02/2015,130.415,44.055,44.45,69.004,111.8,16.38,80.41,553.959,37.56,25.89,66.48,52.41,61.58
27/02/2015,128.46,43.85,44.28,67.844,112.623,16.34,78.97,556.871,37.31,25.99,68.44,52.42,61.28
28/02/2015,128.46,43.85,44.28,67.844,112.623,16.34,78.97,556.871,37.31,25.99,68.44,52.42,61.28
01/03/2015,128.46,43.85,44.28,67.844,112.623,16.34,78.97,556.871,37.31,25.99,68.44,52.42,61.28
02/03/2015,129.09,43.88,44.11,68.607,113.936,16.57,79.75,569.775,37.61,26.11,67.49,53.49,61.77
03/03/2015,129.36,43.28,42.62,67.816,111.222,16.17,79.6,572.069,37.8,25.86,65.87,53.73,61.97
04/03/2015,128.54,43.055,43.99,67.11,113.26,16.03,80.895,571.8,37.57,25.66,65.52,53.67,62.13
05/03/2015,126.41,43.11,44.16,66.807,114.212,16.11,81.21,573.754,37.61,25.82,64.845,53.56,62
06/03/2015,126.6,42.36,43.44,64.874,114.935,15.93,80.005,566.13,36.84,25.42,62.3,53.06,60.89
07/03/2015,126.6,42.36,43.44,64.874,114.935,15.93,80.005,566.13,36.84,25.42,62.3,53.06,60.89
08/03/2015,126.6,42.36,43.44,64.874,114.935,15.93,80.005,566.13,36.84,25.42,62.3,53.06,60.89
09/03/2015,127.14,42.85,42.98,63.661,114.252,16.03,79.44,567.292,37.66,25.64,62.24,52.95,61.5
10/03/2015,124.51,42.03,42.675,62.151,113.599,15.72,77.55,553.49,37.55,25.17,62.08,51.23,59.96
11/03/2015,122.24,41.98,42.5,62.884,119.493,15.75,77.57,549.671,37.78,25.19,62.27,52.33,60.24
12/03/2015,124.45,41.02,42.95,64.046,118.712,16.17,78.93,553.989,38.43,25.4,62.815,54.08,61.37
13/03/2015,123.59,41.38,42.87,62.629,119.612,16.2,78.05,545.821,38.05,25.04,63.12,53.54,61
14/03/2015,123.59,41.38,42.87,62.629,119.612,16.2,78.05,545.821,38.05,25.04,63.12,53.54,61
15/03/2015,123.59,41.38,42.87,62.629,119.612,16.2,78.05,545.821,38.05,25.04,63.12,53.54,61
16/03/2015,124.95,41.56,43.51,60.281,122.731,16.49,78.07,552.991,38.58,25.45,63.61,53.69,61.85
17/03/2015,127.04,41.695,43.785,59.789,121.576,16.39,79.365,549.332,38.29,25.31,64.42,53.84,61.61
18/03/2015,128.47,42.5,44.67,60.446,116.4,16.46,80.91,557.968,38.5,25.64,64.4,53.72,61.75
19/03/2015,127.495,42.285,44.98,60.744,116.812,16.34,82.75,556.462,38.65,25.33,64.4,52.38,61.2
20/03/2015,125.9,42.88,45.035,61.185,117.013,16.48,83.8,558.825,38.87,25.4,65.74,52.98,61.75
21/03/2015,125.9,42.88,45.035,61.185,117.013,16.48,83.8,558.825,38.87,25.4,65.74,52.98,61.75
22/03/2015,125.9,42.88,45.035,61.185,117.013,16.48,83.8,558.825,38.87,25.4,65.74,52.98,61.75
23/03/2015,127.21,42.855,44.715,60.714,113.504,16.57,84.43,557.28,38.59,25.47,63.71,52.48,61.14
24/03/2015,126.69,42.9,44.42,62.611,114.61,16.56,85.31,568.629,37.85,25.27,63.3,51.94,60.46
25/03/2015,123.38,41.46,44.2,60.25,114.03,16.18,82.92,557.255,37.38,24.91,60.96,51.38,59.61
26/03/2015,124.24,41.21,44.47,59.751,116.012,16.01,83.01,553.65,37.35,24.8,63.965,51.19,59.54
27/03/2015,123.25,40.97,45.1,59.253,115.858,15.98,83.3,546.838,37.31,24.86,64.32,51,59.55
28/03/2015,123.25,40.97,45.1,59.253,115.858,15.98,83.3,546.838,37.31,24.86,64.32,51,59.55
29/03/2015,123.25,40.97,45.1,59.253,115.858,15.98,83.3,546.838,37.31,24.86,64.32,51,59.55
30/03/2015,126.37,40.96,44.95,60.367,117.123,16.16,83.195,550.518,37.68,25.12,64.83,51.64,60.96
31/03/2015,124.43,40.655,44.435,59.527,115.728,16.14,82.215,546.499,37.5,24.81,64.02,51.52,60.58
01/04/2015,124.25,40.72,44.13,59.017,115.71,15.91,81.665,541.074,36.74,24.84,63.1,51.62,59.95
02/04/2015,125.32,40.29,44.15,59.154,115.315,16.03,81.555,534.063,36.5,24.94,63.345,51.86,60.52
03/04/2015,125.32,40.29,44.15,59.154,115.315,16.03,81.555,534.063,36.5,24.94,63.345,51.86,60.52
04/04/2015,125.32,40.29,44.15,59.154,115.315,16.03,81.555,534.063,36.5,24.94,63.345,51.86,60.52
05/04/2015,125.32,40.29,44.15,59.154,115.315,16.03,81.555,534.063,36.5,24.94,63.345,51.86,60.52
06/04/2015,127.35,41.545,43.67,60.33,115.315,16,82.44,535.295,36.66,25.18,64.405,51.62,60.47
07/04/2015,126.01,41.53,43.61,60.494,115.2,15.9,82.32,535.549,35.73,25.02,66.41,51.52,60.85
08/04/2015,125.6,41.42,45.17,63.05,113.06,15.98,82.275,540.127,36.11,25.01,68.705,51.89,61.05
09/04/2015,126.56,41.48,45.63,62.786,116.303,15.95,82.17,539.299,36.29,25.73,69.77,52.13,61.47
10/04/2015,127.1,41.72,45.18,64.939,117.055,16.03,82.04,538.531,36.57,28.51,68.86,52.43,61.7
11/04/2015,127.1,41.72,45.18,64.939,117.055,16.03,82.04,538.531,36.57,28.51,68.86,52.43,61.7
12/04/2015,127.1,41.72,45.18,64.939,117.055,16.03,82.04,538.531,36.57,28.51,68.86,52.43,61.7
13/04/2015,126.85,41.76,44.77,67.811,115.864,15.87,83.01,537.693,36.4,27.63,68.2,52.66,62.07
14/04/2015,126.3,41.65,45.525,68.387,115.31,15.97,83.515,528.938,36.48,27.73,67.65,52.73,63.04
15/04/2015,126.78,42.255,45.73,67.923,115.408,16.07,82.705,531.072,36.94,27.46,67.39,53.21,64.21
16/04/2015,126.17,42.16,45.78,80.293,112.9,15.94,82.31,532.338,37.08,27.28,67.5,54.02,63.81
17/04/2015,124.75,41.615,44.45,81.65,110.261,15.76,80.775,522.615,36.64,27.25,66.7,53.07,62.84
18/04/2015,124.75,41.615,44.45,81.65,110.261,15.76,80.775,522.615,36.64,27.25,66.7,53.07,62.84
19/04/2015,124.75,41.615,44.45,81.65,110.261,15.76,80.775,522.615,36.64,27.25,66.7,53.07,62.84
20/04/2015,127.6,42.905,44.655,81.056,111.617,15.91,83.09,533.914,37.11,27.02,66.19,53.2,63.24
21/04/2015,126.91,42.635,44.49,80.063,112.212,15.82,83.62,532.508,37.16,26.62,66.35,52.48,62.31
22/04/2015,128.62,42.985,43.975,79.669,110.25,15.91,84.63,537.888,37.16,26.91,65.67,53.1,62.94
23/04/2015,129.67,43.34,43.695,79.866,110.99,15.76,82.41,545.502,35.92,26.85,66.48,53.22,62.8
24/04/2015,130.28,47.87,44.52,79.771,110.262,15.77,81.53,563.513,35.59,26.8,66.94,52.9,62.6
25/04/2015,130.28,47.87,44.52,79.771,110.262,15.77,81.53,563.513,35.59,26.8,66.94,52.9,62.6
26/04/2015,130.28,47.87,44.52,79.771,110.262,15.77,81.53,563.513,35.59,26.8,66.94,52.9,62.6
27/04/2015,132.65,48.03,44.36,80.869,112.8,15.9,81.91,555.37,35.78,26.88,65.57,52.8,62.34
28/04/2015,130.56,49.155,44.34,80.437,109.981,16.06,80.68,553.68,35.72,27.12,64.66,53.02,62.76
29/04/2015,128.64,49.06,43.28,80.407,106.66,16.02,80.465,549.08,35.51,27.09,64.7,53.76,63.6
30/04/2015,125.15,48.64,42.565,79.5,105.26,15.8,78.77,537.34,35.06,27.08,63.64,53.32,63.26
01/05/2015,128.95,48.655,42.51,79.576,105.26,15.81,78.99,537.9,35.42,27.31,63.57,53.76,63.61
02/05/2015,128.95,48.655,42.51,79.576,105.26,15.81,78.99,537.9,35.42,27.31,63.57,53.76,63.61
03/05/2015,128.95,48.655,42.51,79.576,105.26,15.81,78.99,537.9,35.42,27.31,63.57,53.76,63.61
04/05/2015,128.7,48.24,42.04,79.271,106.979,15.78,78.81,540.78,35.4,27.27,64.76,54.17,64.72
05/05/2015,125.8,47.6,41.3,80.793,106.512,15.53,77.56,530.8,35.01,26.92,64.31,53.35,64.4
06/05/2015,125.01,46.28,41.66,80.077,103.762,15.48,78.1,524.22,34.77,26.81,65.035,52.82,63.92
07/05/2015,125.26,46.7,43.87,80.749,104.602,15.51,78.425,530.7,34.88,27.04,65.31,53.31,64.5
08/05/2015,127.62,47.75,44.09,82.086,109.11,15.67,78.51,538.22,35.32,27.36,65.49,54.02,65.49
09/05/2015,127.62,47.75,44.09,82.086,109.11,15.67,78.51,538.22,35.32,27.36,65.49,54.02,65.49
10/05/2015,127.62,47.75,44.09,82.086,109.11,15.67,78.51,538.22,35.32,27.36,65.49,54.02,65.49
11/05/2015,126.32,47.37,43.6,84.278,109.042,15.65,78.01,535.7,35.22,26.92,65.67,53.97,65.45
12/05/2015,125.865,47.35,43.84,83.377,106.953,15.56,77.46,529.04,34.74,27.03,64.7,53.74,65.36
13/05/2015,126.01,47.625,44.395,82.873,104.333,15.41,78.44,529.62,34.8,27.21,64.41,54.2,65.52
14/05/2015,128.95,48.72,44.95,83.836,104.51,15.27,81.37,538.4,34.65,27.41,65.2,54.6,66.05
15/05/2015,128.77,48.295,44.75,87.607,102.26,15.48,80.42,533.85,34.91,27.27,64.49,54.24,65.88
16/05/2015,128.77,48.295,44.75,87.607,102.26,15.48,80.42,533.85,34.91,27.27,64.49,54.24,65.88
17/05/2015,128.77,48.295,44.75,87.607,102.26,15.48,80.42,533.85,34.91,27.27,64.49,54.24,65.88
18/05/2015,130.19,48.01,44.36,88.267,103.472,15.58,80.88,532.3,35.05,27.31,64.585,54.67,66.42
19/05/2015,130.07,47.58,40.98,88.069,106.71,15.5,80.63,537.36,35.12,27.35,63,55.33,67.01
20/05/2015,130.06,47.58,42.79,88.79,106.312,15.3,80.55,539.27,35.02,27.64,61.91,54.89,66.48
21/05/2015,131.39,47.42,43.675,89.003,105.112,15.51,80.48,542.51,35.58,27.72,60.5,54.84,66.65
22/05/2015,132.54,46.9,43.485,88.839,104.897,15.27,80.54,540.11,35.7,27.68,61.16,54.97,66.47
23/05/2015,132.54,46.9,43.485,88.839,104.897,15.27,80.54,540.11,35.7,27.68,61.16,54.97,66.47
24/05/2015,132.54,46.9,43.485,88.839,104.897,15.27,80.54,540.11,35.7,27.68,61.16,54.97,66.47
25/05/2015,132.54,46.9,43.485,88.839,105,15.27,80.54,540.11,35.7,27.68,61.16,54.97,66.47
26/05/2015,129.62,46.59,42.85,87.993,103.712,15.19,79.335,532.32,35.52,27.52,60.27,54.24,65.73
27/05/2015,132.045,47.61,43.38,89.857,104.997,15.32,80.55,539.79,35.81,27.52,61.115,54.87,66.47
28/05/2015,131.78,47.45,43.07,89.507,103.112,15.29,80.145,539.78,36.39,27.63,61.23,54.55,66.2
29/05/2015,130.28,46.86,42.935,89.151,100.762,15.17,79.19,532.11,35.97,27.27,59.79,54.08,65.78
30/05/2015,130.28,46.86,42.935,89.151,100.762,15.17,79.19,532.11,35.97,27.27,59.79,54.08,65.78
31/05/2015,130.28,46.86,42.935,89.151,100.762,15.17,79.19,532.11,35.97,27.27,59.79,54.08,65.78
01/06/2015,130.535,47.23,43.35,89.003,100.654,15.36,80.29,533.99,36.18,27.28,59.98,54.45,66.08
02/06/2015,129.96,46.92,43.15,89.13,100.213,15.26,80.445,539.18,36.22,27.33,59.8,54.72,66.02
03/06/2015,130.12,46.85,43.21,88.809,100.777,15.2,82.44,540.31,35.94,27.53,61.27,55.63,66.7
04/06/2015,129.36,46.36,42.88,89.349,99.45,15.05,82.05,536.7,35.54,27.26,61.35,55.33,66.33
05/06/2015,128.65,46.14,42.81,90.46,99.32,14.78,82.14,533.33,35.12,27.29,63.8,56.24,67.42
06/06/2015,128.65,46.14,42.81,90.46,99.32,14.78,82.14,533.33,35.12,27.29,63.8,56.24,67.42
07/06/2015,128.65,46.14,42.81,90.46,99.32,14.78,82.14,533.33,35.12,27.29,63.8,56.24,67.42
08/06/2015,127.8,45.73,42.01,89.604,96.775,14.9,80.67,526.83,34.99,27.24,61.52,55.65,66.89
09/06/2015,127.42,45.65,41.63,92.45,97.912,14.88,80.67,526.69,35.26,27.33,68.27,56,67.18
10/06/2015,128.88,46.61,42.06,95.871,100.954,15.03,82.16,536.69,35.59,27.63,66.77,57.02,68.26
11/06/2015,128.59,46.44,40.935,95.094,100.818,15.28,81.83,534.61,35.55,27.51,66.07,57.21,68.52
12/06/2015,127.17,45.97,40.525,94.419,99.712,15.23,81.53,532.33,35.71,27.39,66.48,57.11,68.25
13/06/2015,127.17,45.97,40.525,94.419,99.712,15.23,81.53,532.33,35.71,27.39,66.48,57.11,68.25
14/06/2015,127.17,45.97,40.525,94.419,99.712,15.23,81.53,532.33,35.71,27.39,66.48,57.11,68.25
15/06/2015,126.92,45.475,40.47,93.431,98.555,15.05,80.71,527.2,35.46,27.21,66.82,56.65,67.99
16/06/2015,127.6,45.83,40.635,95.273,98.412,15,81.06,528.15,35.61,27.22,67.26,57.07,68.37
17/06/2015,127.3,45.97,40.96,94.271,96.496,15.02,81.79,529.26,35.81,27.27,66.93,56.54,68.14
18/06/2015,127.88,46.72,40.91,94.743,98.46,15.14,82.905,536.73,36.2,27.37,66.61,56.76,68.78
19/06/2015,126.6,46.1,40.51,93.871,97.212,15.11,82.51,536.69,36.11,27.24,65.99,56.23,68.08
20/06/2015,126.6,46.1,40.51,93.871,97.212,15.11,82.51,536.69,36.11,27.24,65.99,56.23,68.08
21/06/2015,126.6,46.1,40.51,93.871,97.212,15.11,82.51,536.69,36.11,27.24,65.99,56.23,68.08
22/06/2015,127.61,46.23,40.73,96.414,102.022,15.13,84.74,538.19,36.19,27.42,66.34,56.95,68.96
23/06/2015,127.03,45.91,40.65,97.313,104.431,15.29,87.88,540.48,36.3,27.55,68.8,57.39,69.75
24/06/2015,128.11,45.635,40.94,96.944,102.581,15.5,88.86,537.84,35.16,27.26,67.42,56.66,69.02
25/06/2015,127.5,45.65,41.065,94.891,103.283,15.44,87.98,535.23,34.7,27.04,67.56,56.19,68.65
26/06/2015,126.75,45.26,40.06,93.089,103.36,15.4,88.01,531.69,34.38,27.09,67.09,56.34,68.95
27/06/2015,126.75,45.26,40.06,93.089,103.36,15.4,88.01,531.69,34.38,27.09,67.09,56.34,68.95
28/06/2015,126.75,45.26,40.06,93.089,103.36,15.4,88.01,531.69,34.38,27.09,67.09,56.34,68.95
29/06/2015,124.53,44.37,38.91,92.231,98.313,15.02,85.8,521.52,33.23,26.64,64.8,54.88,67.2
30/06/2015,125.425,44.15,39.29,93.849,98.512,15.01,85.765,520.51,33.33,26.57,65.3,55.24,67.76
01/07/2015,126.6,44.445,39.33,93.636,100.26,14.99,86.91,521.84,33.04,26.66,65.05,55.68,68.07
02/07/2015,126.44,44.4,39.38,94.044,99.162,14.87,87.285,523.4,33.23,26.78,65.175,55.37,67.52
03/07/2015,126.44,44.4,39.38,94.044,99.153,14.87,87.285,523.4,33.23,26.78,65.175,55.37,67.52
04/07/2015,126.44,44.4,39.38,94.044,99.153,14.87,87.285,523.4,33.23,26.78,65.175,55.37,67.52
05/07/2015,126.44,44.4,39.38,94.044,99.153,14.87,87.285,523.4,33.23,26.78,65.175,55.37,67.52
06/07/2015,126,44.39,38.61,94.571,96.86,14.79,87.55,522.86,32.65,26.31,64.3,55.08,67.33
07/07/2015,125.69,44.3,38.23,94.091,96.08,14.85,87.22,525.02,32.86,26.47,65.68,54.5,66.8
08/07/2015,122.57,44.24,37.23,93.507,91.843,14.37,85.65,516.83,31.19,25.89,63.97,52.8,65.43
09/07/2015,120.07,44.52,37.61,95.727,93.812,14.33,85.88,520.68,31.01,26.02,62.46,53.71,66.11
10/07/2015,123.28,44.61,37.92,97.229,95.712,14.48,87.95,530.13,31.4,26.27,62.995,54.56,67.05
11/07/2015,123.28,44.61,37.92,97.229,95.712,14.48,87.95,530.13,31.4,26.27,62.995,54.56,67.05
12/07/2015,123.28,44.61,37.92,97.229,95.712,14.48,87.95,530.13,31.4,26.27,62.995,54.56,67.05
13/07/2015,125.66,45.54,38.76,101.087,94.912,14.64,90.1,546.55,31.68,26.47,64.11,55.54,68.09
14/07/2015,125.61,45.62,38.63,100.371,94.65,14.81,89.68,561.1,31.77,26.66,63.92,55.91,69.04
15/07/2015,126.82,45.76,38.38,98.13,93.406,14.75,89.76,560.22,31.43,26.77,63.42,56.46,69.19
16/07/2015,128.51,46.66,38.91,115.81,95.951,14.57,90.85,579.85,30.61,27.04,62.78,58.59,69.56
17/07/2015,129.62,46.62,39.68,114.77,95.685,14.69,94.97,672.93,30.65,27.24,62.94,58.75,69.21
18/07/2015,129.62,46.62,39.68,114.77,95.685,14.69,94.97,672.93,30.65,27.24,62.94,58.75,69.21
19/07/2015,129.62,46.62,39.68,114.77,95.685,14.69,94.97,672.93,30.65,27.24,62.94,58.75,69.21
20/07/2015,132.07,46.92,39.54,110.55,95.467,14.57,97.91,663.02,30.5,27.14,63.36,58.85,69.26
21/07/2015,130.75,47.28,39.73,112.51,94.984,14.51,98.39,662.3,30.39,26.85,62.77,59.1,69.1
22/07/2015,125.22,45.54,39.24,111.5,94.284,14.42,97.04,662.1,30.3,26.63,62.86,60.34,70.08
23/07/2015,125.16,46.11,39.21,110.1,93.174,14.61,95.44,644.28,31.5,26.26,62,59.87,69.64
24/07/2015,124.5,45.94,38.85,109.34,90.726,14.39,96.95,623.56,31.06,25.75,61.24,58.7,68.91
25/07/2015,124.5,45.94,38.85,109.34,90.726,14.39,96.95,623.56,31.06,25.75,61.24,58.7,68.91
26/07/2015,124.5,45.94,38.85,109.34,90.726,14.39,96.95,623.56,31.06,25.75,61.24,58.7,68.91
27/07/2015,122.77,45.35,37.835,106.43,88.75,14.55,94.17,627.26,31.05,25.95,61.17,57.96,68.01
28/07/2015,123.38,45.34,37.72,106.9,90.485,14.83,95.29,628,31.32,26.1,63.22,58.37,68.05
29/07/2015,122.99,46.29,37.67,107.08,89.735,15.21,96.99,631.93,31.95,26.26,63.74,58.92,68.94
30/07/2015,122.37,46.88,37.42,111.56,90.1,15.1,95.21,632.59,31.91,26.12,63.07,58.88,69.04
31/07/2015,121.3,46.7,36.67,114.31,91.112,14.83,94.01,625.61,31.51,26.1,62.86,58.46,68.53
01/08/2015,121.3,46.7,36.67,114.31,91.112,14.83,94.01,625.61,31.51,26.1,62.86,58.46,68.53
02/08/2015,121.3,46.7,36.67,114.31,91.112,14.83,94.01,625.61,31.51,26.1,62.86,58.46,68.53
03/08/2015,118.44,46.81,36.69,112.56,91.56,14.94,94.14,631.21,31.68,25.87,61.87,58.44,68.53
04/08/2015,114.64,47.54,37.12,121.15,90.712,14.91,94.06,629.25,31.52,25.9,62.57,58.47,68.46
05/08/2015,115.4,47.58,37.25,123.71,92.685,14.8,96.44,643.78,31.6,26.1,62.69,58.74,68.73
06/08/2015,115.13,46.62,36.46,126.45,91.99,14.83,95.12,642.68,31.86,26.03,62.27,58.1,68.25
07/08/2015,115.52,46.74,36.67,123.52,92.882,14.8,94.3,635.3,31.74,25.79,62.37,57.91,68.05
08/08/2015,115.52,46.74,36.67,123.52,92.882,14.8,94.3,635.3,31.74,25.79,62.37,57.91,68.05
09/08/2015,115.52,46.74,36.67,123.52,92.882,14.8,94.3,635.3,31.74,25.79,62.37,57.91,68.05
10/08/2015,119.72,47.33,37.15,123.03,93.291,14.99,94.15,633.73,31.94,26.24,63.99,58.74,68.89
11/08/2015,113.49,46.41,36.03,122.74,89.568,14.7,93.62,660.78,30.83,25.71,64.45,57.64,68.23
12/08/2015,115.24,46.74,34.49,120.51,86.981,14.68,94.19,659.56,30.87,25.86,63.02,56.91,67.24
13/08/2015,115.15,46.73,35.93,123.73,86.3,14.71,93.43,656.45,31.06,25.79,64.5,57.33,67.55
14/08/2015,115.96,47,36.24,123.39,86.571,14.78,94.42,657.12,31.49,26.08,65.17,57.59,67.89
15/08/2015,115.96,47,36.24,123.39,86.571,14.78,94.42,657.12,31.49,26.08,65.17,57.59,67.89
16/08/2015,115.96,47,36.24,123.39,86.571,14.78,94.42,657.12,31.49,26.08,65.17,57.59,67.89
17/08/2015,117.16,47.32,36.095,125.36,86.813,14.68,93.93,660.87,31.61,26.21,66.37,57.77,68.07
18/08/2015,116.5,47.27,35.69,124.05,85.659,14.83,95.17,656.13,31.71,26.07,66.7,57.55,68.21
19/08/2015,115.01,46.61,35.19,122.06,84.205,14.77,95.31,660.9,31.63,25.73,65.36,57,67.6
20/08/2015,112.65,45.66,34.1,112.49,81.244,14.43,90.56,646.83,30.84,25.19,62.96,55.33,65.94
21/08/2015,105.76,43.07,32.93,103.96,79,13.86,86.06,612.48,29.6,24.59,61.95,53.6,63.6
22/08/2015,105.76,43.07,32.93,103.96,79,13.86,86.06,612.48,29.6,24.59,61.95,53.6,63.6
23/08/2015,105.76,43.07,32.93,103.96,79,13.86,86.06,612.48,29.6,24.59,61.95,53.6,63.6
24/08/2015,103.12,41.68,31.31,96.88,76.673,13.19,82.09,589.61,27.8,23.87,59.07,50.34,60.25
25/08/2015,103.74,40.47,31.74,101.52,79.814,12.9,83,582.06,27.28,23.27,58.7,49.88,59.91
26/08/2015,109.69,42.71,32.52,110.13,82.242,13.21,87.19,628.62,28.1,24.01,60.31,52.28,62.91
27/08/2015,112.92,43.9,33.69,117.66,83.089,13.56,89.73,637.61,28.58,25.01,62.64,53.44,64.48
28/08/2015,113.29,43.93,33.14,117.63,82.712,13.74,91.01,630.38,29,25.16,63.17,53.28,64.13
29/08/2015,113.29,43.93,33.14,117.63,82.712,13.74,91.01,630.38,29,25.16,63.17,53.28,64.13
30/08/2015,113.29,43.93,33.14,117.63,82.712,13.74,91.01,630.38,29,25.16,63.17,53.28,64.13
31/08/2015,112.76,43.52,32.24,115.03,82.135,13.87,89.43,618.25,29.44,24.82,64.01,53.48,64.1
01/09/2015,107.72,41.82,31.6,105.79,79.199,13.72,87.23,597.79,28.64,23.88,63.07,50.94,61.45
02/09/2015,112.34,43.36,31.77,105.44,79.88,13.87,89.89,614.34,29.21,24.57,65.36,51.75,62.57
03/09/2015,110.37,43.5,32.54,101.06,81.477,13.84,88.15,606.25,29.11,24.51,64.95,51.79,62.68
04/09/2015,109.27,42.61,31.58,98.79,80.347,13.56,88.26,600.7,28.88,24,65.68,50.59,61.5
05/09/2015,109.27,42.61,31.58,98.79,80.347,13.56,88.26,600.7,28.88,24,65.68,50.59,61.5
06/09/2015,109.27,42.61,31.58,98.79,80.347,13.56,88.26,600.7,28.88,24,65.68,50.59,61.5
07/09/2015,109.27,42.61,31.58,98.79,80.882,13.56,88.26,600.7,28.88,24,65.68,50.59,61.5
08/09/2015,112.31,43.89,30.9,94.95,84.456,13.67,89.53,614.66,29.88,24.96,65.89,51.65,63.16
09/09/2015,110.15,43.07,31.52,99.18,84.281,13.53,90.44,612.72,29.62,24.55,64.05,50.88,62.18
10/09/2015,112.57,43.29,31.15,99.48,86.1,13.73,91.98,621.35,30,24.68,53.54,51.07,62.66
11/09/2015,114.21,43.48,31.43,97.51,85.798,13.71,92.05,625.77,30.15,24.95,54.01,51.1,62.56
12/09/2015,114.21,43.48,31.43,97.51,85.798,13.71,92.05,625.77,30.15,24.95,54.01,51.1,62.56
13/09/2015,114.21,43.48,31.43,97.51,85.798,13.71,92.05,625.77,30.15,24.95,54.01,51.1,62.56
14/09/2015,115.31,43.04,30.32,95.69,85.27,13.78,92.31,623.24,30.72,24.77,53.79,50.98,62.38
15/09/2015,116.28,43.98,31.04,99.16,87.748,14.31,92.9,635.14,30.99,25.3,53.37,52,63.58
16/09/2015,116.41,44.3,31.4,104.08,87.625,14.64,93.45,635.98,31.2,25.93,54.65,52.59,64.14
17/09/2015,113.92,44.25,30.93,104.21,88.25,14.6,94.34,642.9,31.31,25.35,53.83,51.65,62.65
18/09/2015,113.45,43.48,30.74,102.62,85.93,14.28,94.4,629.25,30.51,24.8,52.91,50.29,60.94
19/09/2015,113.45,43.48,30.74,102.62,85.93,14.28,94.4,629.25,30.51,24.8,52.91,50.29,60.94
20/09/2015,113.45,43.48,30.74,102.62,85.93,14.28,94.4,629.25,30.51,24.8,52.91,50.29,60.94
21/09/2015,115.21,44.11,31.17,100.3,84.01,14.32,95.55,635.44,30.62,25.09,53.98,50.71,61.45
22/09/2015,113.4,43.9,30.4,98.47,79.96,13.92,92.96,622.69,30.03,25.11,54.72,50.38,60.91
23/09/2015,114.32,43.87,29.74,98.07,80.008,13.68,93.97,622.36,29.72,25.14,53.53,50.12,60.64
24/09/2015,115,43.91,29.34,103.76,79,13.65,94.41,625.8,29.44,24.91,52.85,49.13,60.22
25/09/2015,114.71,43.94,29.13,102.24,78.188,13.53,92.77,611.97,29.41,24.92,52.58,50.55,61.47
26/09/2015,114.71,43.94,29.13,102.24,78.188,13.53,92.77,611.97,29.41,24.92,52.58,50.55,61.47
27/09/2015,114.71,43.94,29.13,102.24,78.188,13.53,92.77,611.97,29.41,24.92,52.58,50.55,61.47
28/09/2015,112.44,43.29,27.6,99.47,76.59,13.12,89.21,594.89,28.56,24.31,50.37,49.03,59.98
29/09/2015,109.06,43.44,28.26,98.35,76.668,13.15,86.67,594.97,29.15,24.57,49.81,49,59.84
30/09/2015,110.3,44.26,28.91,103.26,79.05,13.57,89.9,608.42,30.02,25.22,50.65,49.61,60.97
01/10/2015,109.58,44.61,28.91,105.98,78.544,13.67,90.95,611.29,30.67,25.19,50.28,49.89,61.42
02/10/2015,110.38,45.57,30.71,106.11,79.41,13.99,92.07,626.91,31.73,25.47,51.12,49.88,60.81
03/10/2015,110.38,45.57,30.71,106.11,79.41,13.99,92.07,626.91,31.73,25.47,51.12,49.88,60.81
04/10/2015,110.38,45.57,30.71,106.11,79.41,13.99,92.07,626.91,31.73,25.47,51.12,49.88,60.81
05/10/2015,110.78,46.63,30.85,111.25,81.719,14.19,94.01,641.47,31.76,26.82,51.27,51.16,62.02
06/10/2015,111.31,46.75,30.955,108.33,82.196,14.31,92.8,645.44,32.22,27.29,51.74,51.06,62.05
07/10/2015,110.78,46.8,31.87,108.1,86.212,14.75,92.4,642.36,33.05,27.77,54,51.32,62.13
08/10/2015,109.5,47.45,32.37,114.93,87.162,14.99,92.47,639.16,33.43,28.03,54.21,51.65,62.13
09/10/2015,112.12,47.11,32.52,113.33,87.731,14.97,93.24,643.61,32.95,28.07,52.75,51.38,61.93
10/10/2015,112.12,47.11,32.52,113.33,87.731,14.97,93.24,643.61,32.95,28.07,52.75,51.38,61.93
11/10/2015,112.12,47.11,32.52,113.33,87.731,14.97,93.24,643.61,32.95,28.07,52.75,51.38,61.93
12/10/2015,111.6,47,32.86,113.45,89.306,14.98,94.26,646.67,33.02,28.09,51.91,51.28,61.72
13/10/2015,111.79,46.89,32.34,109.73,87.512,14.94,94.12,652.3,33.13,27.87,51.58,51.21,61.55
14/10/2015,110.21,46.68,32.09,110.23,86.899,15.01,94.07,651.16,33.33,27.6,51.54,50.72,59.99
15/10/2015,111.86,47.01,33.48,101.09,87.52,15.22,95.96,661.74,33.32,28.03,52.52,52.97,61.89
16/10/2015,111.04,47.51,33.37,98.99,86.869,15.28,97.54,662.2,33.15,28.98,53.81,52.69,62.43
17/10/2015,111.04,47.51,33.37,98.99,86.869,15.28,97.54,662.2,33.15,28.98,53.81,52.69,62.43
18/10/2015,111.04,47.51,33.37,98.99,86.869,15.28,97.54,662.2,33.15,28.98,53.81,52.69,62.43
19/10/2015,111.73,47.62,33.5,101.69,87.519,15.36,98.47,666.1,33.24,28.99,53.26,52.86,62.22
20/10/2015,113.77,47.77,32.83,98.99,87.206,15.38,97,650.28,33.48,28.78,52.93,52.84,62.52
21/10/2015,113.76,47.2,31.12,97.96,87.815,15.41,97.11,642.61,35.42,28.85,52,51.81,62.06
22/10/2015,115.5,48.03,31.67,97.32,90.739,15.58,99.67,651.79,35.42,29.58,52.33,52.51,63.19
23/10/2015,119.08,52.87,33.17,100.04,93.562,15.67,102.19,702,35.95,29.51,48.49,53.64,63.87
24/10/2015,119.08,52.87,33.17,100.04,93.562,15.67,102.19,702,35.95,29.51,48.49,53.64,63.87
25/10/2015,119.08,52.87,33.17,100.04,93.562,15.67,102.19,702,35.95,29.51,48.49,53.64,63.87
26/10/2015,115.28,54.25,33.4,103.04,92.81,15.68,103.77,712.78,35.67,29.55,48.3,53.11,63.9
27/10/2015,114.55,53.69,34.3,103.07,92.613,14.89,103.7,708.49,34.97,29.46,48.28,52.61,63.64
28/10/2015,119.27,53.98,35.185,105.8,93.412,14.97,104.2,712.95,35.22,29.39,49.24,54.73,65.5
29/10/2015,120.53,53.36,35.05,105.12,93.642,14.73,104.88,716.92,34.75,29.34,48.79,53.66,65.21
30/10/2015,119.5,52.64,35.62,108.38,93.093,14.81,101.97,710.81,34.91,28.92,49.17,53.17,64.25
31/10/2015,119.5,52.64,35.62,108.38,93.093,14.81,101.97,710.81,34.91,28.92,49.17,53.17,64.25
01/11/2015,119.5,52.64,35.62,108.38,93.093,14.81,101.97,710.81,34.91,28.92,49.17,53.17,64.25
02/11/2015,121.18,53.24,35.27,107.64,94.32,14.75,103.31,721.11,35.57,29.4,51.08,53.83,65.54
03/11/2015,122.57,54.15,34.72,109.74,93.462,14.81,102.58,722.16,35.78,29.59,52.09,54.16,65.78
04/11/2015,122,54.4,35.07,114.05,92.453,14.65,103.94,728.11,35.42,29.54,51.68,53.83,65.85
05/11/2015,120.92,54.38,35.12,113.5,92.612,14.57,108.76,731.25,35.44,29.64,52.08,54.15,66.44
06/11/2015,121.06,54.92,34.2,114.06,95.812,14.52,107.095,733.76,35.75,29.92,51.06,55.87,68.46
07/11/2015,121.06,54.92,34.2,114.06,95.812,14.52,107.095,733.76,35.75,29.92,51.06,55.87,68.46
08/11/2015,121.06,54.92,34.2,114.06,95.812,14.52,107.095,733.76,35.75,29.92,51.06,55.87,68.46
09/11/2015,120.57,54.16,33.68,109.86,94.73,14.33,106.49,724.89,35.67,29.75,50.17,55.71,67.39
10/11/2015,116.77,53.51,33.99,112.7,96.222,14.28,107.91,728.32,35.62,30.12,50.08,55.8,67.68
11/11/2015,116.11,53.65,33.38,112.86,95.781,14.31,109.01,735.4,35.55,30.67,47.57,54.9,67.35
12/11/2015,115.72,53.32,33.23,108.92,93.817,14.04,108.02,731.23,35.09,30.16,48.16,53.46,66
13/11/2015,112.34,52.84,32.19,103.65,94.118,13.92,103.95,717,34.31,30.28,45.05,53.17,65.56
14/11/2015,112.34,52.84,32.19,103.65,94.118,13.92,103.95,717,34.31,30.28,45.05,53.17,65.56
15/11/2015,112.34,52.84,32.19,103.65,94.118,13.92,103.95,717,34.31,30.28,45.05,53.17,65.56
16/11/2015,114.175,53.765,32.945,111.35,95.411,14.04,104.04,728.96,35.17,30.36,45.24,53.69,66.51
17/11/2015,113.69,52.97,32.86,117.1,96.31,14.15,105.13,725.3,35.21,30.32,44.09,53.49,66.13
18/11/2015,117.29,53.85,32.98,120.63,97.948,14.46,107.77,740,36.46,30.52,45.69,54.98,67.45
19/11/2015,118.78,53.94,32.625,120.22,98.662,14.57,106.26,738.41,36.14,30.27,47.33,55.06,67.66
20/11/2015,119.3,54.19,33.11,123.84,98.86,14.6,107.32,756.6,36.34,30.66,49.28,54.75,67.54
21/11/2015,119.3,54.19,33.11,123.84,98.86,14.6,107.32,756.6,36.34,30.66,49.28,54.75,67.54
22/11/2015,119.3,54.19,33.11,123.84,98.86,14.6,107.32,756.6,36.34,30.66,49.28,54.75,67.54
23/11/2015,117.75,54.19,33.36,125.03,98.127,14.55,106.95,755.98,36.08,30.59,52.77,54.28,66.88
24/11/2015,118.88,54.25,32.96,123.31,97,14.55,105.74,748.28,36.22,30.66,52.73,54.18,66.78
25/11/2015,118.03,53.69,33.16,124.16,99.462,14.55,105.41,748.15,36.34,30.36,52.95,54.08,66.86
26/11/2015,118.03,53.69,33.16,124.16,100.36,14.55,105.41,748.15,36.34,30.36,52.95,54.08,66.86
27/11/2015,117.81,53.93,32.94,125.44,101.334,14.53,105.45,750.26,36.37,30.36,52.5,54.21,67.17
28/11/2015,117.81,53.93,32.94,125.44,101.334,14.53,105.45,750.26,36.37,30.36,52.5,54.21,67.17
29/11/2015,117.81,53.93,32.94,125.44,101.334,14.53,105.45,750.26,36.37,30.36,52.5,54.21,67.17
30/11/2015,118.3,54.35,33.81,123.33,103.082,14.33,104.24,742.6,36.2,29.94,47.82,54.09,66.68
01/12/2015,117.34,55.22,33.71,125.37,103.48,14.56,107.12,767.04,36.26,30.17,49.05,54.88,67.61
02/12/2015,116.28,55.21,35.65,128.93,101.949,14.26,106.07,762.38,35.73,29.97,49,54.14,66.66
03/12/2015,115.2,54.2,34.34,126.81,97.497,13.98,104.38,752.54,35.47,30.03,49.12,53.51,65.8
04/12/2015,119.03,55.91,34.91,130.93,99.202,14.2,106.18,766.81,36.25,30.49,49.18,55.09,67.89
05/12/2015,119.03,55.91,34.91,130.93,99.202,14.2,106.18,766.81,36.25,30.49,49.18,55.09,67.89
06/12/2015,119.03,55.91,34.91,130.93,99.202,14.2,106.18,766.81,36.25,30.49,49.18,55.09,67.89
07/12/2015,118.28,55.81,34.68,125.36,100.208,14.12,105.61,763.25,36.13,30.37,51.79,54.4,67
08/12/2015,118.23,55.79,34.85,126.98,97.609,13.97,106.49,762.37,35.48,30.19,52.16,53.39,65.96
09/12/2015,115.62,54.98,34.4,124.2,96.418,13.89,104.6,751.61,35.45,30.47,45.315,52.81,65.46
10/12/2015,116.17,55.27,34.63,122.91,97.051,13.96,105.42,749.46,35.63,30.65,45.95,52.65,65.61
11/12/2015,113.18,54.06,32.91,118.91,93.128,13.64,102.12,738.87,34.55,30.26,46.12,51.11,64.07
12/12/2015,113.18,54.06,32.91,118.91,93.128,13.64,102.12,738.87,34.55,30.26,46.12,51.11,64.07
13/12/2015,113.18,54.06,32.91,118.91,93.128,13.64,102.12,738.87,34.55,30.26,46.12,51.11,64.07
14/12/2015,112.48,55.14,32.59,120.67,93.36,13.62,104.66,747.77,34.39,30.26,47.79,51.1,64.27
15/12/2015,110.49,55.2,33.03,118.6,94.362,13.87,104.55,743.4,34.54,30.32,49.26,52.52,66.1
16/12/2015,111.34,56.13,33.78,122.64,96.897,14.36,106.79,758.09,35.14,30.98,49.97,53.9,67.53
17/12/2015,108.98,55.7,33.23,122.51,98.375,13.98,106.22,749.43,34.11,30.55,50,52.84,66.28
18/12/2015,106.03,54.13,32.95,118.02,96.013,13.8,104.04,739.31,33.67,30.28,50.26,51.21,64.4
19/12/2015,106.03,54.13,32.95,118.02,96.013,13.8,104.04,739.31,33.67,30.28,50.26,51.21,64.4
20/12/2015,106.03,54.13,32.95,118.02,96.013,13.8,104.04,739.31,33.67,30.28,50.26,51.21,64.4
21/12/2015,107.33,54.83,32.965,116.63,95.812,13.73,104.77,747.77,33.83,30.4,51.9,51.79,65.54
22/12/2015,107.23,55.35,34.19,116.24,96.719,14.2,105.51,750,34.29,30.49,53.15,52.01,65.68
23/12/2015,108.61,55.82,34.45,118.16,98.523,14.36,104.63,750.31,34.78,30.95,52.89,52.63,66.73
24/12/2015,108.03,55.67,34.11,117.33,98.523,14.31,105.02,748.4,34.6,30.83,53.19,52.71,66.6
25/12/2015,108.03,55.67,34.11,117.33,98.523,14.31,105.02,748.4,34.6,30.83,53.19,52.71,66.6
26/12/2015,108.03,55.67,34.11,117.33,98.523,14.31,105.02,748.4,34.6,30.83,53.19,52.71,66.6
27/12/2015,108.03,55.67,34.11,117.33,98.523,14.31,105.02,748.4,34.6,30.83,53.19,52.71,66.6
28/12/2015,106.82,55.95,33.6,117.11,97.662,14.18,105.93,762.51,34.51,30.9,53.17,52.38,66.38
29/12/2015,108.74,56.55,34.04,119.12,98.334,14.23,107.26,776.6,34.5,31.28,52.37,52.98,67.07
30/12/2015,107.32,56.31,33.37,116.71,97.63,14.17,106.22,771,34.33,31.05,51.59,52.3,66.59
31/12/2015,105.26,55.48,33.26,114.38,97.63,14.09,104.66,758.88,34.01,31.15,52.47,51.75,66.03
01/01/2016,105.26,55.48,33.26,114.38,97.63,14.09,104.66,758.88,34.01,31.15,52.47,51.75,66.03
02/01/2016,105.26,55.48,33.26,114.38,97.63,14.09,104.66,758.88,34.01,31.15,52.47,51.75,66.03
03/01/2016,105.26,55.48,33.26,114.38,97.63,14.09,104.66,758.88,34.01,31.15,52.47,51.75,66.03
04/01/2016,105.35,54.8,31.4,109.96,93.257,13.97,102.22,741.84,33.31,30.71,55.86,51.13,63.62
05/01/2016,102.71,55.05,32.2,107.66,92.11,13.72,102.73,742.58,32.43,30.74,55.59,50.86,63.73
06/01/2016,100.7,54.05,32.16,117.68,88.303,13.11,102.97,743.62,31.27,30.25,54.91,50.12,62.81
07/01/2016,96.45,52.17,30.16,114.56,84.02,12.7,97.92,726.39,29.99,28.97,54.79,47.56,60.27
08/01/2016,96.96,52.33,30.63,111.39,82.302,12.54,97.33,714.47,29.53,28.45,53.91,46.13,58.92
09/01/2016,96.96,52.33,30.63,111.39,82.302,12.54,97.33,714.47,29.53,28.45,53.91,46.13,58.92
10/01/2016,96.96,52.33,30.63,111.39,82.302,12.54,97.33,714.47,29.53,28.45,53.91,46.13,58.92
11/01/2016,98.53,52.3,30.17,114.97,83.54,12.77,97.51,716.03,30.25,28.58,54.73,46.85,58.83
12/01/2016,99.96,52.78,30.69,116.58,85.905,12.85,99.37,726.07,30.3,28.64,56.82,46.88,58.96
13/01/2016,97.39,51.64,29.44,106.56,81.021,12.2,95.44,700.56,30.49,28.24,55.97,45.19,57.34
14/01/2016,99.52,53.11,30.32,107.06,80.913,12.19,98.37,714.72,30.3,29.06,56.63,45.38,58.2
15/01/2016,97.13,50.99,29.14,104.04,77.136,11.97,94.97,694.45,29.57,28.49,55.71,42.47,57.04
16/01/2016,97.13,50.99,29.14,104.04,77.136,11.97,94.97,694.45,29.57,28.49,55.71,42.47,57.04
17/01/2016,97.13,50.99,29.14,104.04,77.136,11.97,94.97,694.45,29.57,28.49,55.71,42.47,57.04
18/01/2016,97.13,50.99,29.14,104.04,78.512,11.97,94.97,694.45,29.57,28.49,55.71,42.47,57.04
19/01/2016,96.66,50.56,29.74,107.89,78.24,11.95,95.26,701.79,29.4,28.49,56.74,41.94,57.01
20/01/2016,96.79,50.79,28.78,107.74,77.364,11.9,94.35,698.45,29.42,28,55.95,40.49,55.51
21/01/2016,96.3,50.48,29.31,102.35,78.568,12.01,94.16,706.59,29.55,28.59,57.09,40.15,55.25
22/01/2016,101.42,52.29,29.75,100.72,80.102,12.14,97.94,725.25,29.28,28.24,58.03,41.06,56.95
23/01/2016,101.42,52.29,29.75,100.72,80.102,12.14,97.94,725.25,29.28,28.24,58.03,41.06,56.95
24/01/2016,101.42,52.29,29.75,100.72,80.102,12.14,97.94,725.25,29.28,28.24,58.03,41.06,56.95
25/01/2016,99.44,51.79,29.78,99.12,78.465,11.98,97.01,711.67,29.23,28.04,57.63,39.55,55.66
26/01/2016,99.99,52.17,29.98,97.83,79.522,12.26,97.34,713.04,29.65,28.31,58.59,40.5,57.08
27/01/2016,93.42,51.22,29.69,91.15,78.27,11.85,94.45,699.99,29.21,28,58.81,40.56,57.04
28/01/2016,94.09,52.055,28.75,94.41,78.112,11.71,109.11,730.96,29.02,28.21,59.6,40.39,57.28
29/01/2016,97.34,55.09,29.51,91.84,77.234,11.94,112.21,742.95,29.64,29.1,62.07,42.58,59.5
30/01/2016,97.34,55.09,29.51,91.84,77.234,11.94,112.21,742.95,29.64,29.1,62.07,42.58,59.5
31/01/2016,97.34,55.09,29.51,91.84,77.234,11.94,112.21,742.95,29.64,29.1,62.07,42.58,59.5
01/02/2016,96.43,54.71,29.57,94.09,75.63,12.07,115.09,752,30.11,28.64,60.82,42.48,58.86
02/02/2016,94.48,53,29.06,91.49,73.49,11.51,114.61,764.65,29.65,28.24,62.01,40.42,57.03
03/02/2016,96.35,52.16,27.68,90.74,73.307,11.46,112.69,726.95,28.92,28.67,63.02,40.36,57.41
04/02/2016,96.6,52,29.15,89.71,71.13,11.53,110.49,708.01,28.64,29.18,62.63,40.79,58.4
05/02/2016,94.02,50.16,27.97,82.79,71.892,11.45,104.07,683.57,28.54,28.54,60.75,39.86,57.75
06/02/2016,94.02,50.16,27.97,82.79,71.892,11.45,104.07,683.57,28.54,28.54,60.75,39.86,57.75
07/02/2016,94.02,50.16,27.97,82.79,71.892,11.45,104.07,683.57,28.54,28.54,60.75,39.86,57.75
08/02/2016,95.01,49.41,27.05,83.32,69.5,11.59,99.75,682.74,28.68,28.17,57.96,37.81,56.54
09/02/2016,94.99,49.28,26.82,86.13,68.197,11.35,99.54,678.11,27.87,28.28,56.88,37.51,56.2
10/02/2016,94.27,49.71,27.1,88.45,68.589,11.34,101,684.12,27.71,28.3,57.68,37.41,55.52
11/02/2016,93.7,49.69,26.76,86.35,67.73,11.17,101.91,683.11,26.9,27.45,57.22,34.98,53.07
12/02/2016,93.99,50.5,27.04,87.4,70.54,11.55,102.01,682.4,27.71,28.26,58.84,37.54,57.49
13/02/2016,93.99,50.5,27.04,87.4,70.54,11.55,102.01,682.4,27.71,28.26,58.84,37.54,57.49
14/02/2016,93.99,50.5,27.04,87.4,70.54,11.55,102.01,682.4,27.71,28.26,58.84,37.54,57.49
15/02/2016,93.99,50.5,27.04,87.4,74.195,11.55,102.01,682.4,27.71,28.26,58.84,37.54,57.49
16/02/2016,96.64,51.09,29.28,89.05,73.52,11.87,101.61,691,28.58,28.86,59.8,38.89,58.35
17/02/2016,98.12,52.42,29.37,94.76,75.774,12.27,105.2,708.4,29.27,29.34,60.51,39.78,58.77
18/02/2016,96.26,52.19,29.42,90.49,75.232,12.26,103.47,697.35,29.03,29.08,60.66,38.92,57.81
19/02/2016,96.04,51.82,30.04,89.23,73.7,12.1,104.57,700.91,28.78,29.02,60.76,38.99,57.82
20/02/2016,96.04,51.82,30.04,89.23,73.7,12.1,104.57,700.91,28.78,29.02,60.76,38.99,57.82
21/02/2016,96.04,51.82,30.04,89.23,73.7,12.1,104.57,700.91,28.78,29.02,60.76,38.99,57.82
22/02/2016,96.88,52.65,31.17,91.93,75.081,12.56,107.16,706.46,29.63,29.41,60.5,39.52,58.57
23/02/2016,94.69,51.18,30.67,89.12,73.112,12.42,105.46,695.85,29.38,29.22,60.63,38.22,56.12
24/02/2016,96.1,51.36,30.95,91.61,71.212,12.08,106.88,699.56,28.84,28.96,60.81,38.09,56.14
25/02/2016,96.76,52.1,31.36,94.53,71.4,12.39,108.07,705.75,29.5,29.23,61.35,38.62,57.01
26/02/2016,96.91,51.3,31.37,94.79,73.553,12.47,107.92,705.07,29.63,29.4,61.56,39.5,57.54
27/02/2016,96.91,51.3,31.37,94.79,73.553,12.47,107.92,705.07,29.63,29.4,61.56,39.5,57.54
28/02/2016,96.91,51.3,31.37,94.79,73.553,12.47,107.92,705.07,29.63,29.4,61.56,39.5,57.54
29/02/2016,96.69,50.88,31.79,93.41,74.463,12.51,106.92,697.77,29.44,29.14,62.73,38.85,56.3
01/03/2016,100.53,52.58,32.8,98.3,78.412,13.09,109.82,718.81,30.01,29.88,62.74,41.27,59.2
02/03/2016,100.75,52.95,32.91,97.61,80.262,13.22,109.95,718.85,30.15,30.18,62.79,42.22,59.76
03/03/2016,101.5,52.35,32.88,97.93,81.429,13.54,109.58,712.42,31.07,30.22,61.78,42.83,59.96
04/03/2016,103.01,52.03,33.86,101.58,82.58,13.59,108.39,710.89,31.37,30.46,61.22,42.83,60.05
05/03/2016,103.01,52.03,33.86,101.58,82.58,13.59,108.39,710.89,31.37,30.46,61.22,42.83,60.05
06/03/2016,103.01,52.03,33.86,101.58,82.58,13.59,108.39,710.89,31.37,30.46,61.22,42.83,60.05
07/03/2016,101.87,51.03,33.96,95.49,81.911,13.62,105.73,695.16,31.59,30.29,62,42.61,59.94
08/03/2016,101.03,51.65,32.93,96.23,79.679,13.23,105.93,693.97,30.68,30.06,62.22,41.05,58.78
09/03/2016,101.12,52.84,33.51,98,78.314,13.19,107.51,705.24,30.54,30.05,62.13,41.15,59.12
10/03/2016,101.17,52.05,32.82,97.36,76.12,13.15,107.32,712.82,30.82,29.94,63.23,41.37,58.61
11/03/2016,102.26,53.07,33.81,97.66,78.966,13.29,109.41,726.82,31.26,30.34,64.42,42.99,59.34
12/03/2016,102.26,53.07,33.81,97.66,78.966,13.29,109.41,726.82,31.26,30.34,64.42,42.99,59.34
13/03/2016,102.26,53.07,33.81,97.66,78.966,13.29,109.41,726.82,31.26,30.34,64.42,42.99,59.34
14/03/2016,102.52,53.17,33.58,98.13,80.325,13.27,109.89,730.49,31.18,30.27,64.73,42.67,59.12
15/03/2016,104.58,53.59,33.26,97.86,79.682,13.23,110.67,728.33,31.05,30.28,62.98,42.59,59.2
16/03/2016,105.97,54.35,34.01,99.35,83.013,13.5,112.18,736.09,31.69,30.17,62.28,42.23,58.92
17/03/2016,105.8,54.66,34.275,99.72,81,13.47,111.02,737.78,31.96,30.96,62.8,42.85,58.75
18/03/2016,105.92,53.49,35.17,101.12,81.365,13.64,111.45,737.6,31.96,30.92,62.51,43.54,60.48
19/03/2016,105.92,53.49,35.17,101.12,81.365,13.64,111.45,737.6,31.96,30.92,62.51,43.54,60.48
20/03/2016,105.92,53.49,35.17,101.12,81.365,13.64,111.45,737.6,31.96,30.92,62.51,43.54,60.48
21/03/2016,105.91,53.86,35.47,101.06,81.128,13.66,111.85,742.09,32.08,31.09,60.21,43.6,60.46
22/03/2016,106.72,54.07,35.41,99.84,81.224,13.59,112.25,740.75,31.9,31.06,60.33,43.38,60.24
23/03/2016,106.13,53.97,34.8,99.59,80.804,13.26,112.54,738.06,31.31,31.07,60.07,42.37,59.94
24/03/2016,105.67,54.21,34.86,98.36,80.05,13.06,113.05,735.3,30.96,31.11,60.89,41.94,59.48
25/03/2016,105.67,54.21,34.86,98.36,80.05,13.06,113.05,735.3,30.96,31.11,60.89,41.94,59.48
26/03/2016,105.67,54.21,34.86,98.36,80.05,13.06,113.05,735.3,30.96,31.11,60.89,41.94,59.48
27/03/2016,105.67,54.21,34.86,98.36,80.05,13.06,113.05,735.3,30.96,31.11,60.89,41.94,59.48
28/03/2016,105.19,53.54,35.23,101.21,80.05,13.09,113.69,733.53,31.02,31.49,60.52,41.92,59.4
29/03/2016,107.68,54.71,36.32,104.13,80.76,13.2,116.14,744.77,31.19,31.48,61.24,41.72,59.03
30/03/2016,109.56,55.05,36.56,102.19,82.162,13.35,114.7,750.53,30.99,31.83,67.8,41.88,59.71
31/03/2016,108.99,55.23,36.81,102.23,80.713,13.5,114.1,744.95,31.43,31.79,67.71,41.75,59.22
01/04/2016,109.99,55.57,36.48,105.7,78.499,13.1,116.06,749.91,30.47,31.93,68.69,42.47,59.87
02/04/2016,109.99,55.57,36.48,105.7,78.499,13.1,116.06,749.91,30.47,31.93,68.69,42.47,59.87
03/04/2016,109.99,55.57,36.48,105.7,78.499,13.1,116.06,749.91,30.47,31.93,68.69,42.47,59.87
04/04/2016,111.12,55.43,37.02,104.35,77.273,12.8,112.55,745.29,29.9,31.23,67.6,42.06,59.2
05/04/2016,109.81,54.56,36.41,104.94,74.644,12.77,112.22,737.8,29.6,30.98,66.73,41.51,58.36
06/04/2016,110.96,55.12,36.66,104.83,75.487,12.82,113.71,745.69,29.94,30.9,65.74,41.86,58.81
07/04/2016,108.54,54.46,36.17,104.45,73.45,12.52,113.64,740.28,29.42,30.63,64.99,40.27,57.32
08/04/2016,108.66,54.42,36.07,103.81,74.222,12.55,110.63,739.15,29.37,30.79,63.75,40.47,57.74
09/04/2016,108.66,54.42,36.07,103.81,74.222,12.55,110.63,739.15,29.37,30.79,63.75,40.47,57.74
10/04/2016,108.66,54.42,36.07,103.81,74.222,12.55,110.63,739.15,29.37,30.79,63.75,40.47,57.74
11/04/2016,109.02,54.31,36.48,102.68,74.694,12.66,108.99,736.1,29.53,30.71,61.23,41.12,58.2
12/04/2016,110.44,54.65,36.66,106.98,75.385,12.81,110.61,743.09,29.71,30.81,61.91,41.9,59.28
13/04/2016,112.04,55.35,37.31,109.65,78.067,13.06,110.51,751.72,30.78,30.98,63.245,44.25,61.79
14/04/2016,112.1,55.36,37.17,110.42,78.812,13.09,110.84,753.2,30.72,31.02,64.2,44.98,62.59
15/04/2016,109.85,55.65,36.51,111.51,78.264,12.94,109.64,759,30.56,31.03,64.8,44.92,61.87
16/04/2016,109.85,55.65,36.51,111.51,78.264,12.94,109.64,759,30.56,31.03,64.8,44.92,61.87
17/04/2016,109.85,55.65,36.51,111.51,78.264,12.94,109.64,759,30.56,31.03,64.8,44.92,61.87
18/04/2016,107.48,56.46,36.52,108.4,80.624,13.25,110.45,766.61,31.31,31.06,65.48,45.11,62.27
19/04/2016,106.91,56.39,36.33,94.34,82.814,13.44,112.29,753.93,31.97,31.15,66.48,45.63,63.32
20/04/2016,107.13,55.59,37.84,96.77,84.062,13.64,112.42,752.67,32.19,31.15,67.13,46.74,64.24
21/04/2016,105.97,55.78,37.67,94.98,83.382,13.65,113.44,759.14,32.66,30.98,66.51,46.6,63.6
22/04/2016,105.68,51.78,37.48,95.9,82.951,13.61,110.56,718.77,32.18,30.76,66.24,46.97,63.97
23/04/2016,105.68,51.78,37.48,95.9,82.951,13.61,110.56,718.77,32.18,30.76,66.24,46.97,63.97
24/04/2016,105.68,51.78,37.48,95.9,82.951,13.61,110.56,718.77,32.18,30.76,66.24,46.97,63.97
25/04/2016,105.08,52.11,37.23,93.56,82.212,13.58,110.1,723.15,31.95,30.68,66,46.69,63.6
26/04/2016,104.35,51.44,37.11,92.43,82.857,13.75,108.76,708.14,32.19,30.9,66.45,47.1,63.93
27/04/2016,97.82,50.94,36.95,91.04,83.663,13.66,108.89,705.84,32.16,30.93,65.64,47.33,64.11
28/04/2016,94.83,49.9,36.59,90.28,83.05,14.09,116.73,691.02,32.44,30.9,65.57,46.73,63.6
29/04/2016,93.74,49.87,36.6,90.03,80.9,13.56,117.58,693.01,31.8,30.75,65.55,46.28,63.2
30/04/2016,93.74,49.87,36.6,90.03,80.9,13.56,117.58,693.01,31.8,30.75,65.55,46.28,63.2
01/05/2016,93.74,49.87,36.6,90.03,80.9,13.56,117.58,693.01,31.8,30.75,65.55,46.28,63.2
02/05/2016,93.64,50.61,36.53,93.11,81.7,13.62,118.57,698.21,31.75,30.89,66.72,46.68,63.79
03/05/2016,95.18,49.78,36.01,91.54,78.503,13.43,117.43,692.36,31.25,30.63,65.54,45.57,62.56
04/05/2016,94.19,49.87,36,90.79,76.476,13.31,118.06,695.7,30.59,30.07,65.2,44.66,61.57
05/05/2016,93.24,49.94,36.94,89.37,75.72,13.32,117.81,701.43,30.54,29.89,63.41,44.23,61.24
06/05/2016,92.72,50.39,37.23,90.84,76.164,13.44,119.49,711.12,30.96,30.12,62.81,44.41,61.6
07/05/2016,92.72,50.39,37.23,90.84,76.164,13.44,119.49,711.12,30.96,30.12,62.81,44.41,61.6
08/05/2016,92.72,50.39,37.23,90.84,76.164,13.44,119.49,711.12,30.96,30.12,62.81,44.41,61.6
09/05/2016,92.79,50.07,37.18,90.54,76.75,13.32,119.24,712.9,30.78,29.87,64.03,43.89,61.21
10/05/2016,93.42,51.02,37.44,92.89,78.486,13.49,120.5,723.18,31.35,30.48,64.21,44.84,62.04
11/05/2016,92.51,51.05,37.37,90.02,76.836,13.32,119.52,715.29,31.08,30.34,61.99,44.47,61.81
12/05/2016,90.34,51.51,37.03,87.74,75.61,13.35,120.28,713.31,31.18,30.09,61.62,44,61.77
13/05/2016,90.52,51.08,36.48,87.88,73.339,13.22,119.81,710.83,30.52,29.64,61.58,43.11,61.2
14/05/2016,90.52,51.08,36.48,87.88,73.339,13.22,119.81,710.83,30.52,29.64,61.58,43.11,61.2
15/05/2016,90.52,51.08,36.48,87.88,73.339,13.22,119.81,710.83,30.52,29.64,61.58,43.11,61.2
16/05/2016,93.88,51.83,37.48,89.12,74.24,13.32,118.67,716.49,30.67,29.96,60.76,43.15,61.66
17/05/2016,93.49,50.51,37.27,88.63,71.225,13.14,117.35,706.23,30.63,29.71,60.9,43.7,61.66
18/05/2016,94.56,50.81,37.24,90.5,71.016,13.16,117.65,706.63,30.75,29.61,60.07,45.87,64.04
19/05/2016,94.2,50.32,37.02,89.55,70.71,13.09,116.81,700.32,30.32,29.36,61.1,45.06,63.39
20/05/2016,95.22,50.62,36.5,92.49,71.566,13.19,117.35,709.74,30.57,29.56,62.49,44.9,63.51
21/05/2016,95.22,50.62,36.5,92.49,71.566,13.19,117.35,709.74,30.57,29.56,62.49,44.9,63.51
22/05/2016,95.22,50.62,36.5,92.49,71.566,13.19,117.35,709.74,30.57,29.56,62.49,44.9,63.51
23/05/2016,96.43,50.03,36.66,94.89,70.781,13.13,115.97,704.24,30.59,29.49,61.94,45.11,63.46
24/05/2016,97.9,51.59,37.53,97.89,72.65,13.29,117.7,720.09,31.05,29.85,63.16,45.86,64.54
25/05/2016,99.62,52.12,35.59,100.2,73.665,13.52,117.89,725.27,31.65,30.09,63.15,46.94,65.52
26/05/2016,100.41,51.89,36.76,102.81,75.133,13.46,119.47,724.12,31.29,30.02,63.14,46.11,65.03
27/05/2016,100.35,52.32,37.82,103.3,75.075,13.45,119.38,732.66,31.39,30.12,64.69,46.58,65.43
28/05/2016,100.35,52.32,37.82,103.3,75.075,13.45,119.38,732.66,31.39,30.12,64.69,46.58,65.43
29/05/2016,100.35,52.32,37.82,103.3,75.075,13.45,119.38,732.66,31.39,30.12,64.69,46.58,65.43
30/05/2016,100.35,52.32,37.82,103.3,75.726,13.45,119.38,732.66,31.39,30.12,64.69,46.58,65.43
31/05/2016,99.86,53,37.94,102.57,75.457,13.49,118.81,735.72,31.28,30.23,65.03,46.57,65.27
01/06/2016,98.46,52.85,36.65,101.51,74,13.11,118.78,734.15,30.22,30.11,66.17,46.94,65.69
02/06/2016,97.72,52.48,37.15,101.25,74.254,13.21,118.93,730.4,30.26,30.05,67.13,46.97,65.81
03/06/2016,97.92,51.79,36.6,99.59,72.247,13.04,118.47,722.34,29.6,29.94,67.24,45.39,64.64
04/06/2016,97.92,51.79,36.6,99.59,72.247,13.04,118.47,722.34,29.6,29.94,67.24,45.39,64.64
05/06/2016,97.92,51.79,36.6,99.59,72.247,13.04,118.47,722.34,29.6,29.94,67.24,45.39,64.64
06/06/2016,98.63,52.13,37.07,100.74,72.4,13.18,118.79,716.55,29.99,30.12,68.75,45.74,65.28
07/06/2016,99.03,52.1,36.73,99.89,73.514,13.38,117.76,716.65,30.23,30.14,68.14,45.54,65.06
08/06/2016,98.94,52.04,36.97,97.86,73.204,13.36,118.39,728.28,29.57,30.31,71.48,45.56,65.25
09/06/2016,99.65,51.62,37.35,97.09,71.872,13.26,118.56,728.58,29.36,30.24,72.32,45.01,64.75
10/06/2016,98.83,51.48,36.83,93.75,70.29,13.1,116.62,719.41,29.06,30.04,70.54,43.9,63.84
11/06/2016,98.83,51.48,36.83,93.75,70.29,13.1,116.62,719.41,29.06,30.04,70.54,43.9,63.84
12/06/2016,98.83,51.48,36.83,93.75,70.29,13.1,116.62,719.41,29.06,30.04,70.54,43.9,63.84
13/06/2016,97.34,50.14,36.47,93.85,68.973,12.98,113.95,718.36,29.08,29.83,70.21,43.16,63.27
14/06/2016,97.46,49.83,37.4,94.12,67.89,12.84,114.94,718.27,28.83,30.44,70.38,41.96,62.08
15/06/2016,97.14,49.69,37.32,94.29,68.317,13.01,114.6,718.92,28.86,30.59,70.73,42.01,61.97
16/06/2016,97.55,50.39,37.39,95.44,69.001,13.12,114.39,710.36,29.02,30.64,71.79,42.12,62.22
17/06/2016,95.33,50.13,36.94,94.45,69.562,13.26,113.02,691.72,29.23,30.6,71.71,42.48,62.28
18/06/2016,95.33,50.13,36.94,94.45,69.562,13.26,113.02,691.72,29.23,30.6,71.71,42.48,62.28
19/06/2016,95.33,50.13,36.94,94.45,69.562,13.26,113.02,691.72,29.23,30.6,71.71,42.48,62.28
20/06/2016,95.1,50.07,37.29,93.8,72.16,13.42,113.37,693.71,29.65,30.83,71.78,42.8,62.37
21/06/2016,95.91,51.19,37.4,90.99,73,13.22,114.38,695.94,29.51,30.94,71.88,42.92,62.95
22/06/2016,95.55,50.99,37.36,90.01,72.24,13.18,113.91,697.46,29.32,30.78,71.36,42.68,62.71
23/06/2016,96.1,51.91,37.78,91.66,74.35,13.4,115.08,701.87,29.82,31.19,71.82,44.46,64.05
24/06/2016,93.4,49.83,36.24,88.44,68.573,12.52,112.08,675.22,28.35,29.82,69.62,40.3,59.6
25/06/2016,93.4,49.83,36.24,88.44,68.573,12.52,112.08,675.22,28.35,29.82,69.62,40.3,59.6
26/06/2016,93.4,49.83,36.24,88.44,68.573,12.52,112.08,675.22,28.35,29.82,69.62,40.3,59.6
27/06/2016,92.04,48.43,35.22,85.33,66.289,12.16,108.97,668.26,27.51,29.32,69,38.48,57.61
28/06/2016,93.59,49.44,36.04,87.97,66.612,12.39,112.7,680.04,27.74,29.94,69.87,40.44,59.52
29/06/2016,94.4,50.54,36.86,91.06,66.22,12.55,114.16,684.11,28.17,30.55,71.65,42.12,61.2
30/06/2016,95.6,51.17,37.56,91.48,66.113,12.57,114.28,692.1,28.3,31.48,73.86,42.39,62.14
01/07/2016,95.89,51.16,37.99,96.67,67.609,12.72,114.19,699.21,28.89,31.49,73.96,42.17,61.26
02/07/2016,95.89,51.16,37.99,96.67,67.609,12.72,114.19,699.21,28.89,31.49,73.96,42.17,61.26
03/07/2016,95.89,51.16,37.99,96.67,67.609,12.72,114.19,699.21,28.89,31.49,73.96,42.17,61.26
04/07/2016,95.89,51.16,37.99,96.67,67.1,12.72,114.19,699.21,28.89,31.49,73.96,42.17,61.26
05/07/2016,94.99,51.17,37.5,97.91,65.013,12.4,114,694.49,28.17,31.45,73.28,40.78,59.55
06/07/2016,95.53,51.38,37.51,94.6,65.582,12.57,116.7,697.77,28.4,31.74,74.41,41.06,60.19
07/07/2016,95.94,51.38,37.52,95.1,65.456,12.75,115.85,695.36,28.74,31.82,75.2,41.29,60.58
08/07/2016,96.68,52.3,37.74,97.06,68.44,13.09,117.24,705.63,29.66,32.2,76.72,41.98,61.83
09/07/2016,96.68,52.3,37.74,97.06,68.44,13.09,117.24,705.63,29.66,32.2,76.72,41.98,61.83
10/07/2016,96.68,52.3,37.74,97.06,68.44,13.09,117.24,705.63,29.66,32.2,76.72,41.98,61.83
11/07/2016,96.98,52.59,37.96,94.67,70.463,13.27,117.87,715.09,30.13,32.21,76.49,42.29,62.27
12/07/2016,97.42,53.21,37.89,95.97,73.02,13.45,117.93,720.64,30.6,32.26,76.62,43.44,63.2
13/07/2016,96.87,53.51,37.64,96.43,73.123,13.48,116.78,716.98,30.63,32.36,76.81,43.33,63.16
14/07/2016,98.79,53.74,37.96,98.02,74.559,13.59,117.29,720.95,30.76,32.63,77.42,44.45,64.12
15/07/2016,98.78,53.7,37.72,98.39,74.79,13.57,116.86,719.85,30.77,32.88,77.8,44.33,64.18
16/07/2016,98.78,53.7,37.72,98.39,74.79,13.57,116.86,719.85,30.77,32.88,77.8,44.33,64.18
17/07/2016,98.78,53.7,37.72,98.39,74.79,13.57,116.86,719.85,30.77,32.88,77.8,44.33,64.18
18/07/2016,99.83,53.96,37.95,98.81,74.734,13.65,119.37,733.78,30.87,32.91,77.75,44.57,63.96
19/07/2016,99.87,53.09,38.17,85.84,73.163,13.65,120.61,736.96,31.25,32.93,77.3,44.35,63.86
20/07/2016,99.96,55.91,38.9,87.91,75.25,13.74,121.92,741.19,31.49,32.78,77.17,44.47,63.93
21/07/2016,99.43,55.8,38.85,85.99,75.519,13.92,120.61,738.63,32.03,32.59,76.55,44.13,63.69
22/07/2016,98.66,56.57,39.38,85.89,75.183,13.84,121,742.74,32.16,32.06,76.14,44.3,64.04
23/07/2016,98.66,56.57,39.38,85.89,75.183,13.84,121,742.74,32.16,32.06,76.14,44.3,64.04
24/07/2016,98.66,56.57,39.38,85.89,75.183,13.84,121,742.74,32.16,32.06,76.14,44.3,64.04
25/07/2016,97.34,56.73,38.32,87.66,76.171,13.83,121.63,739.77,32.06,31.64,77.58,44.04,63.87
26/07/2016,96.67,56.76,38.76,91.41,76.976,13.86,121.22,738.42,32.15,31.47,77.18,44.15,64.13
27/07/2016,102.95,56.19,38.66,92.04,78.15,13.84,123.34,741.77,32.02,31.28,76.82,44.29,64.33
28/07/2016,104.34,56.21,38.52,91.65,76.48,12.71,125,745.91,30.99,31.25,77.38,44.08,64.1
29/07/2016,104.21,56.68,38.19,91.25,76.953,12.66,123.94,768.79,31.54,31.14,77.65,43.81,63.97
30/07/2016,104.21,56.68,38.19,91.25,76.953,12.66,123.94,768.79,31.54,31.14,77.65,43.81,63.97
31/07/2016,104.21,56.68,38.19,91.25,76.953,12.66,123.94,768.79,31.54,31.14,77.65,43.81,63.97
01/08/2016,106.05,56.58,38.8,94.37,76.999,12.48,124.31,772.88,31.3,31.15,78.33,43.42,63.8
02/08/2016,104.48,56.58,38.57,93.56,75.568,11.94,123.09,771.07,29.93,31.05,76.95,42.99,63.65
03/08/2016,105.79,56.97,38.39,93.1,75.937,12.13,122.51,773.18,30.24,31.13,77.4,43.89,64.66
04/08/2016,105.87,57.39,38.92,93.44,75.8,12.08,124.36,771.61,30.34,31.17,77.41,43.84,64.56
05/08/2016,107.48,57.96,38.99,97.03,77.67,12.19,125.15,782.22,30.8,31.28,77.8,45.72,66.3
06/08/2016,107.48,57.96,38.99,97.03,77.67,12.19,125.15,782.22,30.8,31.28,77.8,45.72,66.3
07/08/2016,107.48,57.96,38.99,97.03,77.67,12.19,125.15,782.22,30.8,31.28,77.8,45.72,66.3
08/08/2016,108.37,58.06,39.24,95.11,77.521,12.18,125.26,781.76,30.88,31.27,78.52,45.96,66.1
09/08/2016,108.81,58.2,39.24,93.99,79.754,12.31,125.06,784.26,31.07,31.3,77.74,45.9,65.87
10/08/2016,108,58.02,39.93,93.93,79.918,12.25,124.88,784.68,31.25,31.27,77.93,45.45,65.28
11/08/2016,107.93,58.3,41.27,95.89,80.258,12.31,124.9,784.85,31.75,31.29,79.72,45.73,65.46
12/08/2016,108.18,57.94,42.94,96.59,79.6,12.33,124.88,783.22,31.57,31.24,79.34,45.58,65.32
13/08/2016,108.18,57.94,42.94,96.59,79.6,12.33,124.88,783.22,31.57,31.24,79.34,45.58,65.32
14/08/2016,108.18,57.94,42.94,96.59,79.6,12.33,124.88,783.22,31.57,31.24,79.34,45.58,65.32
15/08/2016,109.48,58.12,42.67,95.31,80.318,12.43,123.9,782.44,31.86,31.24,80.27,46.39,65.72
16/08/2016,109.38,57.44,42.49,95.12,79.45,12.34,123.3,777.14,31.71,31.19,79.87,46.62,65.71
17/08/2016,109.22,57.56,42.7,96.37,78.931,12.39,124.37,779.91,31.85,31.29,78.54,46.63,65.89
18/08/2016,109.08,57.6,42.9,96.16,78.681,12.33,123.91,777.5,31.55,31.43,80.09,46.5,65.95
19/08/2016,109.36,57.62,43.02,95.87,77.361,12.39,123.56,775.42,31.83,31.25,80.65,46.53,65.86
20/08/2016,109.36,57.62,43.02,95.87,77.361,12.39,123.56,775.42,31.83,31.25,80.65,46.53,65.86
21/08/2016,109.36,57.62,43.02,95.87,77.361,12.39,123.56,775.42,31.83,31.25,80.65,46.53,65.86
22/08/2016,108.51,57.67,42.52,95.26,76.917,12.36,124.15,772.15,31.87,31.32,80.11,46.66,65.8
23/08/2016,108.85,57.89,42.6,95.94,77.529,12.42,124.37,772.08,31.9,31.23,80.24,46.59,65.77
24/08/2016,108.03,57.95,41.91,95.18,77.09,12.3,123.48,769.64,31.78,31.22,80.18,46.66,65.95
25/08/2016,107.57,58.17,42.03,97.32,75.935,12.47,123.89,769.41,31.54,31.21,80.59,46.72,66.07
26/08/2016,106.94,58.03,42.27,97.58,76.424,12.38,124.96,769.54,31.53,31.23,78.19,47.11,66.22
27/08/2016,106.94,58.03,42.27,97.58,76.424,12.38,124.96,769.54,31.53,31.23,78.19,47.11,66.22
28/08/2016,106.94,58.03,42.27,97.58,76.424,12.38,124.96,769.54,31.53,31.23,78.19,47.11,66.22
29/08/2016,106.82,58.1,42.26,97.3,76.924,12.47,126.54,772.15,31.81,31.36,78.26,47.26,66.95
30/08/2016,106,57.89,42.58,97.45,78.09,12.55,125.84,769.09,31.67,31.37,76.85,47.9,67.5
31/08/2016,106.1,57.46,42.75,97.45,77.83,12.6,126.12,767.05,31.92,31.24,76.51,47.74,67.5
01/09/2016,106.73,57.59,42.93,97.38,78.12,12.44,126.17,768.78,31.8,31.2,76.66,47.36,67.21
02/09/2016,107.73,57.67,43.28,97.38,78.5,12.5,126.51,771.46,32.16,31.29,68.57,47.51,67.49
03/09/2016,107.73,57.67,43.28,97.38,78.5,12.5,126.51,771.46,32.16,31.29,68.57,47.51,67.49
04/09/2016,107.73,57.67,43.28,97.38,78.5,12.5,126.51,771.46,32.16,31.29,68.57,47.51,67.49
05/09/2016,107.73,57.67,43.28,97.38,78.396,12.5,126.51,771.46,32.16,31.29,68.57,47.51,67.49
06/09/2016,107.7,57.61,44.71,100.09,77.565,12.67,129.73,780.08,32.12,31.05,67.68,47.29,67.44
07/09/2016,108.36,57.66,44.35,99.15,78,12.7,131.05,780.35,31.89,31.06,68.23,47.48,67.16
08/09/2016,105.52,57.43,44.36,99.66,77.317,12.73,130.27,775.32,31.71,31.04,66.08,47.79,67.25
09/09/2016,103.13,56.21,42.92,96.5,76.3,12.38,127.1,759.66,30.48,30.11,64.8,47.17,66.65
10/09/2016,103.13,56.21,42.92,96.5,76.3,12.38,127.1,759.66,30.48,30.11,64.8,47.17,66.65
11/09/2016,103.13,56.21,42.92,96.5,76.3,12.38,127.1,759.66,30.48,30.11,64.8,47.17,66.65
12/09/2016,105.44,57.05,43.46,99.05,76.37,12.7,128.69,769.02,31.18,30.49,66,47.79,67.06
13/09/2016,107.95,56.53,43.04,96.09,75.448,12.38,127.21,759.69,30.94,29.85,65.93,46.92,66.53
14/09/2016,111.77,56.26,43.46,97.01,74.913,12.14,127.77,762.49,30.71,29.7,66.15,46.75,66.4
15/09/2016,115.57,57.19,43.99,97.34,75.361,12.11,128.35,771.76,31.12,29.75,66.05,47.08,66.64
16/09/2016,114.92,57.25,43.67,99.48,73.534,12.11,129.07,768.88,30.97,29.68,65.98,46.41,65.82
17/09/2016,114.92,57.25,43.67,99.48,73.534,12.11,129.07,768.88,30.97,29.68,65.98,46.41,65.82
18/09/2016,114.92,57.25,43.67,99.48,73.534,12.11,129.07,768.88,30.97,29.68,65.98,46.41,65.82
19/09/2016,113.58,56.93,43.19,98.06,73.582,12.11,128.65,765.7,31.72,29.43,65.81,46.59,66.19
20/09/2016,113.57,56.81,42.79,98.25,74.014,12,128.64,771.41,31.65,29.67,65.69,46.54,66.46
21/09/2016,113.55,57.76,44.14,94.88,74.944,12.09,129.94,776.22,32.11,29.85,65.4,46.9,66.84
22/09/2016,114.62,57.82,44.15,95.83,76.307,12.18,130.08,787.21,32.39,30.04,65.73,47.11,67.39
23/09/2016,112.71,57.43,42.8,95.94,75.396,12.17,127.96,786.9,32.12,29.89,65.19,47.15,67.25
24/09/2016,112.71,57.43,42.8,95.94,75.396,12.17,127.96,786.9,32.12,29.89,65.19,47.15,67.25
25/09/2016,112.71,57.43,42.8,95.94,75.396,12.17,127.96,786.9,32.12,29.89,65.19,47.15,67.25
26/09/2016,112.88,56.9,42.29,94.56,73.543,12.01,127.31,774.21,31.8,29.54,64.03,45.89,65.78
27/09/2016,113.09,57.95,43.37,97.07,73.483,11.98,128.69,783.01,31.6,29.88,64.52,46.37,66.36
28/09/2016,113.95,58.03,43.69,97.48,74.229,12.09,129.23,781.56,31.9,29.9,63.51,46.87,66.71
29/09/2016,112.18,57.4,42.57,96.67,72.75,11.97,128.09,775.01,31.48,29.53,60.99,45.8,65.65
30/09/2016,113.05,57.6,43.1,98.55,74.75,12.07,128.27,777.29,31.77,29.62,60.98,47.23,66.59
01/10/2016,113.05,57.6,43.1,98.55,74.75,12.07,128.27,777.29,31.77,29.62,60.98,47.23,66.59
02/10/2016,113.05,57.6,43.1,98.55,74.75,12.07,128.27,777.29,31.77,29.62,60.98,47.23,66.59
03/10/2016,112.52,57.42,43.13,102.63,75.7,12.1,128.77,772.56,32.04,29.64,60.3,47.03,66.51
04/10/2016,113,57.24,43.18,102.34,76.534,12.2,128.19,776.43,32.17,29.5,59.39,47.75,66.6
05/10/2016,113.05,57.64,43.71,106.28,77.893,12.48,128.47,776.47,32.68,29.5,59.19,48.65,67.69
06/10/2016,113.89,57.74,43.68,105.07,78.33,12.39,128.74,776.86,32.53,29.27,58.52,49.07,67.87
07/10/2016,114.06,57.8,43.22,104.82,77.293,12.29,128.99,775.08,32.34,29.08,58.29,49.28,68.11
08/10/2016,114.06,57.8,43.22,104.82,77.293,12.29,128.99,775.08,32.34,29.08,58.29,49.28,68.11
09/10/2016,114.06,57.8,43.22,104.82,77.293,12.29,128.99,775.08,32.34,29.08,58.29,49.28,68.11
10/10/2016,116.05,58.04,43.92,103.33,78.002,12.12,130.24,785.94,32.15,28.86,57.81,49.55,68.64
11/10/2016,116.3,57.19,42.68,100.59,77.401,11.99,128.88,783.07,31.89,28.92,56.76,48.99,68.31
12/10/2016,117.34,57.11,42.36,99.5,77.32,11.96,129.05,786.14,31.68,28.9,57.15,48.7,68.13
13/10/2016,116.98,56.92,41.62,100.23,75.99,11.91,127.82,778.19,31.51,28.77,57.6,48.47,67.74
14/10/2016,117.63,57.42,41.44,101.47,76.81,11.91,127.88,778.53,31.87,28.89,56.62,48.61,67.52
15/10/2016,117.63,57.42,41.44,101.47,76.81,11.91,127.88,778.53,31.87,28.89,56.62,48.61,67.52
16/10/2016,117.63,57.42,41.44,101.47,76.81,11.91,127.88,778.53,31.87,28.89,56.62,48.61,67.52
17/10/2016,117.55,57.22,41.79,99.8,76.304,11.88,127.54,779.96,31.56,28.85,54.88,48.6,67.17
18/10/2016,117.47,57.66,41.68,118.79,76.933,11.89,128.57,795.26,31.4,28.98,56.3,48.99,67.7
19/10/2016,117.12,57.53,42.73,121.87,77.95,12.01,130.11,801.56,31.85,29.06,58.58,49.48,68.35
20/10/2016,117.06,57.25,42.38,123.35,79.013,11.97,130,796.97,31.75,29.07,57.77,49.58,68.26
21/10/2016,116.6,59.66,42.17,127.5,78.558,12.02,132.07,799.37,32.04,28.98,57,49.57,68.49
22/10/2016,116.6,59.66,42.17,127.5,78.558,12.02,132.07,799.37,32.04,28.98,57,49.57,68.49
23/10/2016,116.6,59.66,42.17,127.5,78.558,12.02,132.07,799.37,32.04,28.98,57,49.57,68.49
24/10/2016,117.65,61,42.59,127.33,79.562,12.19,133.28,813.11,32.98,28.92,56.2,49.58,68.87
25/10/2016,118.25,60.99,42.55,126.51,79.512,11.85,132.29,807.67,31.6,28.65,55.11,49.59,68.8
26/10/2016,115.59,60.63,42.08,126.97,79.851,11.88,131.04,799.07,31.58,28.87,57.01,50.01,69.13
27/10/2016,114.48,60.1,41.87,126.47,79.617,11.74,129.69,795.35,31.33,28.63,57.22,49.93,69.23
28/10/2016,113.72,59.87,41.78,126.57,79.328,11.72,131.29,795.37,31.32,29.22,58.4,49.56,69.11
29/10/2016,113.72,59.87,41.78,126.57,79.328,11.72,131.29,795.37,31.32,29.22,58.4,49.56,69.11
30/10/2016,113.72,59.87,41.78,126.57,79.328,11.72,131.29,795.37,31.32,29.22,58.4,49.56,69.11
31/10/2016,113.54,59.92,41.55,124.87,79.402,11.74,130.99,784.54,31.6,29.1,57.25,49.15,69.26
01/11/2016,111.49,59.8,41.33,123.3,77.703,11.61,129.5,783.61,31.48,28.88,57.31,48.94,68.97
02/11/2016,111.59,59.43,40.68,122.34,75.312,11.4,127.17,768.7,31.45,28.49,57.4,48.54,68.68
03/11/2016,109.83,59.21,40.23,122.14,75.033,11.35,120,762.13,31.07,28.28,55.11,48.19,68.38
04/11/2016,108.84,58.71,40.28,122.03,75.013,11.34,120.75,762.02,31.16,28.44,55.84,48.17,67.76
05/11/2016,108.84,58.71,40.28,122.03,75.013,11.34,120.75,762.02,31.16,28.44,55.84,48.17,67.76
06/11/2016,108.84,58.71,40.28,122.03,75.013,11.34,120.75,762.02,31.16,28.44,55.84,48.17,67.76
07/11/2016,110.41,60.42,41.05,124.58,77.04,11.58,122.15,782.52,32.02,29.31,55.7,49.82,69.88
08/11/2016,111.06,60.47,41.16,124.34,77.489,11.48,124.22,790.51,31.73,29.42,56.97,49.91,70.03
09/11/2016,110.88,60.17,41.21,122.19,76.769,11.58,123.18,785.31,30.96,29.63,57.79,51.59,73.25
10/11/2016,107.79,58.7,40.16,115.42,76.613,11.94,120.8,762.56,32.73,30.41,57.06,53.61,76.65
11/11/2016,108.43,59.02,40.42,114.78,79.859,12.28,119.02,754.02,34.02,30.71,57.84,52.83,76.69
12/11/2016,108.43,59.02,40.42,114.78,79.859,12.28,119.02,754.02,34.02,30.71,57.84,52.83,76.69
13/11/2016,108.43,59.02,40.42,114.78,79.859,12.28,119.02,754.02,34.02,30.71,57.84,52.83,76.69
14/11/2016,105.71,58.12,39.3,113.38,80.624,12.06,115.08,736.08,33.28,30.51,57.83,54.68,79.51
15/11/2016,107.11,58.87,40.21,113.59,81.603,12.04,117.2,758.49,33.43,30.75,56.81,55.45,79.36
16/11/2016,109.99,59.65,40.98,115.19,80.397,12,116.34,764.48,33.23,30.74,56.67,54.63,77.4
17/11/2016,109.95,60.64,41.45,115.03,80.48,11.87,117.79,771.23,33.42,30.79,57.54,55.45,78.02
18/11/2016,110.06,60.35,41.19,115.21,80.816,11.76,117.02,760.54,33,30.67,54.61,55.46,77.71
19/11/2016,110.06,60.35,41.19,115.21,80.816,11.76,117.02,760.54,33,30.67,54.61,55.46,77.71
20/11/2016,110.06,60.35,41.19,115.21,80.816,11.76,117.02,760.54,33,30.67,54.61,55.46,77.71
21/11/2016,111.73,60.86,41.11,117.96,82.235,11.79,121.77,769.2,33.01,30.87,55.8,55.54,78.05
22/11/2016,111.8,61.12,41.01,118.04,83.212,11.89,121.47,768.27,33.81,31.18,58.24,56.1,78.53
23/11/2016,111.23,60.4,40.96,117.69,82.151,11.9,120.84,760.99,33.86,31.34,57.91,56.69,78.86
24/11/2016,111.23,60.4,40.96,117.69,82.313,11.9,120.84,760.99,33.86,31.34,57.91,56.69,78.86
25/11/2016,111.79,60.53,40.87,117.41,82.373,12.04,120.38,761.68,34.25,31.44,57.99,56.78,78.83
26/11/2016,111.79,60.53,40.87,117.41,82.373,12.04,120.38,761.68,34.25,31.44,57.99,56.78,78.83
27/11/2016,111.79,60.53,40.87,117.41,82.373,12.04,120.38,761.68,34.25,31.44,57.99,56.78,78.83
28/11/2016,111.57,60.61,41.45,116.93,81.613,11.92,120.41,768.24,34.05,31.25,57.21,55.47,78.32
29/11/2016,111.46,61.09,41.6,117.51,80.975,11.92,120.87,770.84,34.57,31.05,58.32,55.52,78.92
30/11/2016,110.52,60.26,41.02,117,80.217,11.96,118.42,758.04,34.53,30.76,56.99,56.39,80.17
01/12/2016,109.49,59.2,39.63,117.22,79.291,12.43,115.1,747.92,36.43,31.39,56.53,57.27,81.79
02/12/2016,109.9,59.25,40.07,120.81,79.704,12.24,115.4,750.5,35.41,31.34,55.31,56.02,81.6
03/12/2016,109.9,59.25,40.07,120.81,79.704,12.24,115.4,750.5,35.41,31.34,55.31,56.02,81.6
04/12/2016,109.9,59.25,40.07,120.81,79.704,12.24,115.4,750.5,35.41,31.34,55.31,56.02,81.6
05/12/2016,109.11,60.22,40.2,119.16,82.41,12.44,117.43,762.52,34.94,31.11,57.12,57.28,83.26
06/12/2016,109.95,59.95,39.97,124.57,83.499,12.56,117.31,759.11,35.07,31.17,57.24,57.92,83.69
07/12/2016,111.03,61.37,40.52,125.39,86.86,13.06,117.95,771.19,36.3,31.6,59.84,59.06,84.07
08/12/2016,112.12,61.01,41.41,123.24,88.562,13.03,118.91,776.42,36.42,31.53,68.84,60.15,85.12
09/12/2016,113.95,61.97,41.76,122.88,89.391,13.17,119.68,789.29,37.66,31.78,69.3,60.04,85.49
10/12/2016,113.95,61.97,41.76,122.88,89.391,13.17,119.68,789.29,37.66,31.78,69.3,60.04,85.49
11/12/2016,113.95,61.97,41.76,122.88,89.391,13.17,119.68,789.29,37.66,31.78,69.3,60.04,85.49
12/12/2016,113.3,62.17,41.3,122.83,87.603,12.82,117.77,789.27,37.1,31.86,69.71,59.55,84.73
13/12/2016,115.19,62.98,41.47,123.78,88.66,12.77,120.31,796.1,37.36,31.74,68.48,59.79,84.76
14/12/2016,115.19,62.68,40.91,123.44,88.678,12.53,120.21,797.07,35.95,31.5,68.64,59.45,84.73
15/12/2016,115.82,62.58,38.41,125,89.604,12.58,120.57,797.85,36.24,31.26,67.31,60.23,86
16/12/2016,115.97,62.3,38.61,124.22,89.65,12.63,119.87,790.8,36.37,31.75,66.42,59.75,84.94
17/12/2016,115.97,62.3,38.61,124.22,89.65,12.63,119.87,790.8,36.37,31.75,66.42,59.75,84.94
18/12/2016,115.97,62.3,38.61,124.22,89.65,12.63,119.87,790.8,36.37,31.75,66.42,59.75,84.94
19/12/2016,116.64,63.62,38.42,125.45,89.513,12.66,119.24,794.2,36.4,31.92,66.7,59.66,85.43
20/12/2016,116.95,63.54,39.16,125.12,89.954,12.78,119.09,796.42,36.61,32.25,67.59,60.8,86.53
21/12/2016,117.06,63.54,39.15,126.5,89.734,12.64,119.04,794.56,36.42,32.13,66.97,60.75,86.75
22/12/2016,116.29,63.55,38.5,125.58,89.466,12.4,117.4,791.26,35.69,31.82,64.58,60.49,86.89
23/12/2016,116.52,63.24,38.66,125.59,89.819,12.46,117.27,789.91,35.69,31.88,64.41,60.99,87.05
24/12/2016,116.52,63.24,38.66,125.59,89.819,12.46,117.27,789.91,35.69,31.88,64.41,60.99,87.05
25/12/2016,116.52,63.24,38.66,125.59,89.819,12.46,117.27,789.91,35.69,31.88,64.41,60.99,87.05
26/12/2016,116.52,63.24,38.66,125.59,89.819,12.46,117.27,789.91,35.69,31.88,64.41,60.99,87.05
27/12/2016,117.26,63.28,38.92,128.35,89.6,12.39,118.01,791.55,35.54,31.9,64.44,61.09,87.13
28/12/2016,116.76,62.99,38.73,125.89,89.341,12.25,116.92,785.05,35.15,31.7,64.48,60.04,86.5
29/12/2016,116.73,62.9,38.64,125.33,88.115,12.23,116.35,782.79,35.14,31.71,64.39,59.38,85.89
30/12/2016,115.82,62.14,38.67,123.8,88.75,12.13,115.05,771.82,34.84,31.6,64.99,59.43,86.29